"Time","1-2 blocks","3 blocks","6 blocks"
2023-05-01 00:00:00,41.7,39.9,36.1
2023-05-01 00:20:00,41.8,39.9,36.1
2023-05-01 00:40:00,41.8,40.0,36.1
2023-05-01 01:00:00,41.8,40.0,36.1
2023-05-01 01:20:00,41.8,40.0,36.1
2023-05-01 01:40:00,41.8,40.0,36.1
2023-05-01 02:00:00,41.8,40.0,36.1
2023-05-01 02:20:00,41.8,40.0,36.1
2023-05-01 02:40:00,41.8,40.0,36.1
2023-05-01 03:00:00,41.1,40.0,36.1
2023-05-01 03:20:00,40.0,40.0,36.1
2023-05-01 03:40:00,40.0,40.0,36.1
2023-05-01 04:00:00,40.0,40.0,36.1
2023-05-01 04:20:00,40.0,40.0,34.6
2023-05-01 04:40:00,40.0,40.0,28.9
2023-05-01 05:00:00,40.0,40.0,28.3
2023-05-01 05:20:00,40.0,40.0,28.3
2023-05-01 05:40:00,40.0,40.0,28.3
2023-05-01 06:00:00,40.0,40.0,28.3
2023-05-01 06:20:00,40.0,40.0,28.3
2023-05-01 06:40:00,40.0,40.0,28.3
2023-05-01 07:00:00,40.0,40.0,28.3
2023-05-01 07:20:00,40.0,40.0,28.3
2023-05-01 07:40:00,40.0,40.0,28.3
2023-05-01 08:00:00,40.0,40.0,28.3
2023-05-01 08:20:00,40.0,40.0,31.5
2023-05-01 08:40:00,40.0,40.0,32.8
2023-05-01 09:00:00,40.1,40.1,32.8
2023-05-01 09:20:00,40.7,40.7,32.8
2023-05-01 09:40:00,41.3,41.3,32.8
2023-05-01 10:00:00,41.4,41.4,32.8
2023-05-01 10:20:00,43.2,42.8,34.1
2023-05-01 10:40:00,43.7,41.5,37.7
2023-05-01 11:00:00,43.8,41.5,37.0
2023-05-01 11:20:00,43.9,41.5,36.2
2023-05-01 11:40:00,43.9,41.5,36.2
2023-05-01 12:00:00,43.9,41.6,35.7
2023-05-01 12:20:00,43.9,41.6,34.5
2023-05-01 12:40:00,43.9,41.6,34.5
2023-05-01 13:00:00,45.3,42.5,35.2
2023-05-01 13:20:00,45.7,44.0,36.2
2023-05-01 13:40:00,45.7,45.1,38.6
2023-05-01 14:00:00,45.8,45.8,41.6
2023-05-01 14:20:00,46.6,46.6,41.6
2023-05-01 14:40:00,47.6,47.6,41.6
2023-05-01 15:00:00,45.9,45.9,41.6
2023-05-01 15:20:00,45.9,45.9,41.6
2023-05-01 15:40:00,46.0,46.0,41.6
2023-05-01 16:00:00,46.0,46.0,41.6
2023-05-01 16:20:00,46.0,46.0,41.6
2023-05-01 16:40:00,46.0,46.0,41.6
2023-05-01 17:00:00,46.0,46.0,41.7
2023-05-01 17:20:00,46.1,46.1,41.7
2023-05-01 17:40:00,46.2,46.2,41.7
2023-05-01 18:00:00,46.3,46.3,40.2
2023-05-01 18:20:00,46.4,45.4,40.0
2023-05-01 18:40:00,46.5,42.1,40.0
2023-05-01 19:00:00,46.5,45.5,40.0
2023-05-01 19:20:00,46.5,46.5,40.0
2023-05-01 19:40:00,49.7,49.0,41.4
2023-05-01 20:00:00,50.9,50.9,45.4
2023-05-01 20:20:00,51.6,51.6,50.6
2023-05-01 20:40:00,51.8,51.8,50.8
2023-05-01 21:00:00,53.5,53.5,48.9
2023-05-01 21:20:00,53.6,53.6,48.1
2023-05-01 21:40:00,53.6,53.6,48.1
2023-05-01 22:00:00,53.7,53.7,48.1
2023-05-01 22:20:00,53.7,53.7,48.1
2023-05-01 22:40:00,53.7,53.7,48.1
2023-05-01 23:00:00,53.7,53.7,48.1
2023-05-01 23:20:00,53.8,53.8,48.1
2023-05-01 23:40:00,53.8,53.8,48.1
2023-05-02 00:00:00,53.8,53.8,48.1
2023-05-02 00:20:00,53.8,53.8,48.1
2023-05-02 00:40:00,53.8,53.8,48.1
2023-05-02 01:00:00,53.8,53.8,48.1
2023-05-02 01:20:00,53.9,53.9,48.2
2023-05-02 01:40:00,53.9,53.9,48.2
2023-05-02 02:00:00,53.9,53.9,48.2
2023-05-02 02:20:00,55.7,55.7,48.2
2023-05-02 02:40:00,55.9,55.9,48.2
2023-05-02 03:00:00,55.9,55.9,48.2
2023-05-02 03:20:00,58.9,56.0,48.2
2023-05-02 03:40:00,57.5,56.0,48.2
2023-05-02 04:00:00,56.1,56.1,48.3
2023-05-02 04:20:00,56.1,56.1,48.3
2023-05-02 04:40:00,57.8,56.2,48.3
2023-05-02 05:00:00,56.8,56.3,48.3
2023-05-02 05:20:00,57.3,57.3,48.3
2023-05-02 05:40:00,56.5,56.5,48.3
2023-05-02 06:00:00,56.6,56.6,48.3
2023-05-02 06:20:00,56.6,56.6,48.3
2023-05-02 06:40:00,57.5,57.5,48.3
2023-05-02 07:00:00,58.9,58.9,48.3
2023-05-02 07:20:00,58.9,58.9,49.5
2023-05-02 07:40:00,59.0,59.0,53.5
2023-05-02 08:00:00,59.5,59.0,53.9
2023-05-02 08:20:00,61.7,60.7,53.9
2023-05-02 08:40:00,61.9,61.9,56.5
2023-05-02 09:00:00,61.9,61.9,59.0
2023-05-02 09:20:00,65.0,62.0,59.0
2023-05-02 09:40:00,65.1,62.0,61.1
2023-05-02 10:00:00,65.2,61.9,61.9
2023-05-02 10:20:00,65.2,62.3,61.9
2023-05-02 10:40:00,65.2,65.2,61.9
2023-05-02 11:00:00,68.1,65.2,61.9
2023-05-02 11:20:00,68.2,67.9,61.9
2023-05-02 11:40:00,68.3,68.3,61.9
2023-05-02 12:00:00,68.3,68.3,61.9
2023-05-02 12:20:00,69.4,69.4,63.3
2023-05-02 12:40:00,71.1,71.1,65.4
2023-05-02 13:00:00,71.2,71.2,65.4
2023-05-02 13:20:00,71.3,71.3,65.4
2023-05-02 13:40:00,71.4,71.4,65.4
2023-05-02 14:00:00,71.5,71.5,68.2
2023-05-02 14:20:00,72.2,72.2,68.5
2023-05-02 14:40:00,79.0,75.0,71.5
2023-05-02 15:00:00,80.0,77.2,72.6
2023-05-02 15:20:00,86.7,84.5,75.0
2023-05-02 15:40:00,102,88.5,75.0
2023-05-02 16:00:00,117,111,78.7
2023-05-02 16:20:00,117,117,104
2023-05-02 16:40:00,117,117,106
2023-05-02 17:00:00,117,117,106
2023-05-02 17:20:00,117,117,106
2023-05-02 17:40:00,117,117,106
2023-05-02 18:00:00,117,117,106
2023-05-02 18:20:00,119,119,106
2023-05-02 18:40:00,122,122,106
2023-05-02 19:00:00,125,125,106
2023-05-02 19:20:00,129,129,120
2023-05-02 19:40:00,129,129,122
2023-05-02 20:00:00,129,129,122
2023-05-02 20:20:00,137,137,122
2023-05-02 20:40:00,141,141,122
2023-05-02 21:00:00,147,147,123
2023-05-02 21:20:00,149,149,135
2023-05-02 21:40:00,149,149,135
2023-05-02 22:00:00,149,149,135
2023-05-02 22:20:00,149,149,135
2023-05-02 22:40:00,149,149,135
2023-05-02 23:00:00,138,138,135
2023-05-02 23:20:00,135,135,135
2023-05-02 23:40:00,135,135,135
2023-05-03 00:00:00,141,141,135
2023-05-03 00:20:00,142,142,136
2023-05-03 00:40:00,136,136,136
2023-05-03 01:00:00,136,136,136
2023-05-03 01:20:00,136,136,136
2023-05-03 01:40:00,136,136,136
2023-05-03 02:00:00,136,136,136
2023-05-03 02:20:00,136,136,136
2023-05-03 02:40:00,136,136,136
2023-05-03 03:00:00,136,136,136
2023-05-03 03:20:00,136,136,136
2023-05-03 03:40:00,136,136,136
2023-05-03 04:00:00,136,136,136
2023-05-03 04:20:00,136,136,136
2023-05-03 04:40:00,136,136,136
2023-05-03 05:00:00,136,136,136
2023-05-03 05:20:00,136,136,136
2023-05-03 05:40:00,136,136,136
2023-05-03 06:00:00,136,136,136
2023-05-03 06:20:00,136,136,136
2023-05-03 06:40:00,137,137,137
2023-05-03 07:00:00,137,137,132
2023-05-03 07:20:00,137,137,122
2023-05-03 07:40:00,137,137,122
2023-05-03 08:00:00,137,137,122
2023-05-03 08:20:00,137,137,122
2023-05-03 08:40:00,137,137,122
2023-05-03 09:00:00,137,137,122
2023-05-03 09:20:00,137,137,122
2023-05-03 09:40:00,137,136,123
2023-05-03 10:00:00,137,136,123
2023-05-03 10:20:00,137,136,123
2023-05-03 10:40:00,137,137,123
2023-05-03 11:00:00,137,137,123
2023-05-03 11:20:00,137,137,123
2023-05-03 11:40:00,137,137,123
2023-05-03 12:00:00,137,137,123
2023-05-03 12:20:00,137,137,123
2023-05-03 12:40:00,137,137,123
2023-05-03 13:00:00,137,137,122
2023-05-03 13:20:00,137,137,122
2023-05-03 13:40:00,137,137,122
2023-05-03 14:00:00,137,137,122
2023-05-03 14:20:00,137,137,122
2023-05-03 14:40:00,137,137,122
2023-05-03 15:00:00,137,137,122
2023-05-03 15:20:00,137,137,122
2023-05-03 15:40:00,137,137,122
2023-05-03 16:00:00,137,137,122
2023-05-03 16:20:00,137,137,122
2023-05-03 16:40:00,137,137,122
2023-05-03 17:00:00,137,137,122
2023-05-03 17:20:00,137,137,122
2023-05-03 17:40:00,137,137,122
2023-05-03 18:00:00,137,137,122
2023-05-03 18:20:00,137,137,122
2023-05-03 18:40:00,137,137,122
2023-05-03 19:00:00,137,137,122
2023-05-03 19:20:00,137,137,123
2023-05-03 19:40:00,137,137,123
2023-05-03 20:00:00,137,137,123
2023-05-03 20:20:00,137,137,123
2023-05-03 20:40:00,137,137,123
2023-05-03 21:00:00,137,137,123
2023-05-03 21:20:00,137,137,123
2023-05-03 21:40:00,137,137,123
2023-05-03 22:00:00,137,137,123
2023-05-03 22:20:00,137,137,123
2023-05-03 22:40:00,137,137,123
2023-05-03 23:00:00,137,137,123
2023-05-03 23:20:00,137,137,123
2023-05-03 23:40:00,137,137,123
2023-05-04 00:00:00,137,137,123
2023-05-04 00:20:00,137,137,123
2023-05-04 00:40:00,137,137,123
2023-05-04 01:00:00,137,137,123
2023-05-04 01:20:00,137,137,123
2023-05-04 01:40:00,137,137,123
2023-05-04 02:00:00,137,137,123
2023-05-04 02:20:00,137,137,123
2023-05-04 02:40:00,137,137,123
2023-05-04 03:00:00,137,137,123
2023-05-04 03:20:00,137,137,123
2023-05-04 03:40:00,137,137,123
2023-05-04 04:00:00,137,133,123
2023-05-04 04:20:00,137,123,123
2023-05-04 04:40:00,137,123,123
2023-05-04 05:00:00,137,123,123
2023-05-04 05:20:00,137,123,123
2023-05-04 05:40:00,137,123,123
2023-05-04 06:00:00,137,123,123
2023-05-04 06:20:00,137,123,123
2023-05-04 06:40:00,137,123,123
2023-05-04 07:00:00,137,123,123
2023-05-04 07:20:00,137,123,123
2023-05-04 07:40:00,137,123,123
2023-05-04 08:00:00,137,123,123
2023-05-04 08:20:00,137,123,123
2023-05-04 08:40:00,137,123,123
2023-05-04 09:00:00,137,123,123
2023-05-04 09:20:00,126,123,123
2023-05-04 09:40:00,123,123,123
2023-05-04 10:00:00,123,123,123
2023-05-04 10:20:00,123,123,123
2023-05-04 10:40:00,123,123,123
2023-05-04 11:00:00,123,123,123
2023-05-04 11:20:00,123,123,123
2023-05-04 11:40:00,123,123,123
2023-05-04 12:00:00,123,123,123
2023-05-04 12:20:00,126,123,123
2023-05-04 12:40:00,129,123,123
2023-05-04 13:00:00,129,123,123
2023-05-04 13:20:00,133,130,123
2023-05-04 13:40:00,137,137,123
2023-05-04 14:00:00,137,137,123
2023-05-04 14:20:00,137,137,123
2023-05-04 14:40:00,137,137,123
2023-05-04 15:00:00,137,137,123
2023-05-04 15:20:00,137,137,123
2023-05-04 15:40:00,137,137,123
2023-05-04 16:00:00,137,137,123
2023-05-04 16:20:00,137,137,123
2023-05-04 16:40:00,137,137,123
2023-05-04 17:00:00,137,137,123
2023-05-04 17:20:00,137,137,123
2023-05-04 17:40:00,137,137,123
2023-05-04 18:00:00,137,137,123
2023-05-04 18:20:00,137,137,123
2023-05-04 18:40:00,137,137,123
2023-05-04 19:00:00,137,137,123
2023-05-04 19:20:00,137,137,123
2023-05-04 19:40:00,137,137,123
2023-05-04 20:00:00,137,137,123
2023-05-04 20:20:00,137,137,123
2023-05-04 20:40:00,137,137,123
2023-05-04 21:00:00,137,137,123
2023-05-04 21:20:00,137,137,123
2023-05-04 21:40:00,137,137,123
2023-05-04 22:00:00,137,137,123
2023-05-04 22:20:00,137,137,123
2023-05-04 22:40:00,137,137,123
2023-05-04 23:00:00,137,137,123
2023-05-04 23:20:00,137,137,123
2023-05-04 23:40:00,137,137,123
2023-05-05 00:00:00,137,137,123
2023-05-05 00:20:00,137,137,123
2023-05-05 00:40:00,137,137,123
2023-05-05 01:00:00,137,137,123
2023-05-05 01:20:00,137,137,123
2023-05-05 01:40:00,137,137,123
2023-05-05 02:00:00,137,137,123
2023-05-05 02:20:00,137,137,123
2023-05-05 02:40:00,137,137,123
2023-05-05 03:00:00,137,137,123
2023-05-05 03:20:00,137,137,123
2023-05-05 03:40:00,137,137,123
2023-05-05 04:00:00,137,137,123
2023-05-05 04:20:00,137,137,123
2023-05-05 04:40:00,137,137,123
2023-05-05 05:00:00,137,137,123
2023-05-05 05:20:00,137,137,123
2023-05-05 05:40:00,137,137,123
2023-05-05 06:00:00,137,137,123
2023-05-05 06:20:00,137,137,123
2023-05-05 06:40:00,137,137,123
2023-05-05 07:00:00,137,137,123
2023-05-05 07:20:00,134,134,123
2023-05-05 07:40:00,123,123,123
2023-05-05 08:00:00,123,123,123
2023-05-05 08:20:00,123,123,123
2023-05-05 08:40:00,123,123,123
2023-05-05 09:00:00,123,123,123
2023-05-05 09:20:00,123,123,117
2023-05-05 09:40:00,123,123,111
2023-05-05 10:00:00,123,123,109
2023-05-05 10:20:00,123,123,106
2023-05-05 10:40:00,123,123,106
2023-05-05 11:00:00,123,123,106
2023-05-05 11:20:00,123,123,106
2023-05-05 11:40:00,123,123,106
2023-05-05 12:00:00,123,123,106
2023-05-05 12:20:00,123,123,106
2023-05-05 12:40:00,128,123,106
2023-05-05 13:00:00,136,123,106
2023-05-05 13:20:00,136,123,106
2023-05-05 13:40:00,129,123,106
2023-05-05 14:00:00,129,123,106
2023-05-05 14:20:00,129,123,106
2023-05-05 14:40:00,132,123,106
2023-05-05 15:00:00,136,124,106
2023-05-05 15:20:00,137,136,106
2023-05-05 15:40:00,137,136,112
2023-05-05 16:00:00,137,136,117
2023-05-05 16:20:00,140,139,123
2023-05-05 16:40:00,142,142,124
2023-05-05 17:00:00,142,142,124
2023-05-05 17:20:00,142,142,124
2023-05-05 17:40:00,142,142,124
2023-05-05 18:00:00,143,143,124
2023-05-05 18:20:00,148,148,124
2023-05-05 18:40:00,154,154,124
2023-05-05 19:00:00,156,156,124
2023-05-05 19:20:00,159,159,124
2023-05-05 19:40:00,164,164,139
2023-05-05 20:00:00,164,164,149
2023-05-05 20:20:00,165,165,149
2023-05-05 20:40:00,172,172,149
2023-05-05 21:00:00,172,172,149
2023-05-05 21:20:00,172,172,149
2023-05-05 21:40:00,172,172,149
2023-05-05 22:00:00,172,172,149
2023-05-05 22:20:00,172,172,149
2023-05-05 22:40:00,172,172,149
2023-05-05 23:00:00,172,172,149
2023-05-05 23:20:00,172,172,149
2023-05-05 23:40:00,172,172,149
2023-05-06 00:00:00,172,165,149
2023-05-06 00:20:00,172,164,149
2023-05-06 00:40:00,165,164,149
2023-05-06 01:00:00,164,164,149
2023-05-06 01:20:00,164,164,149
2023-05-06 01:40:00,164,164,149
2023-05-06 02:00:00,164,160,149
2023-05-06 02:20:00,164,156,149
2023-05-06 02:40:00,164,154,149
2023-05-06 03:00:00,164,149,149
2023-05-06 03:20:00,165,149,149
2023-05-06 03:40:00,165,149,149
2023-05-06 04:00:00,165,149,149
2023-05-06 04:20:00,165,149,149
2023-05-06 04:40:00,156,149,149
2023-05-06 05:00:00,150,150,150
2023-05-06 05:20:00,150,150,150
2023-05-06 05:40:00,150,150,149
2023-05-06 06:00:00,150,150,142
2023-05-06 06:20:00,150,150,142
2023-05-06 06:40:00,150,150,142
2023-05-06 07:00:00,150,150,142
2023-05-06 07:20:00,150,150,142
2023-05-06 07:40:00,150,150,142
2023-05-06 08:00:00,150,150,142
2023-05-06 08:20:00,150,150,142
2023-05-06 08:40:00,150,150,142
2023-05-06 09:00:00,150,150,142
2023-05-06 09:20:00,150,150,134
2023-05-06 09:40:00,150,150,123
2023-05-06 10:00:00,150,149,123
2023-05-06 10:20:00,150,138,123
2023-05-06 10:40:00,150,137,123
2023-05-06 11:00:00,150,137,123
2023-05-06 11:20:00,149,137,123
2023-05-06 11:40:00,149,137,123
2023-05-06 12:00:00,149,137,123
2023-05-06 12:20:00,149,137,123
2023-05-06 12:40:00,149,136,123
2023-05-06 13:00:00,149,136,123
2023-05-06 13:20:00,149,136,123
2023-05-06 13:40:00,149,136,123
2023-05-06 14:00:00,149,136,123
2023-05-06 14:20:00,149,136,123
2023-05-06 14:40:00,149,136,123
2023-05-06 15:00:00,149,127,123
2023-05-06 15:20:00,149,124,123
2023-05-06 15:40:00,149,129,123
2023-05-06 16:00:00,149,129,123
2023-05-06 16:20:00,150,138,123
2023-05-06 16:40:00,150,135,123
2023-05-06 17:00:00,150,135,123
2023-05-06 17:20:00,150,135,123
2023-05-06 17:40:00,147,129,123
2023-05-06 18:00:00,136,129,123
2023-05-06 18:20:00,141,139,123
2023-05-06 18:40:00,149,149,123
2023-05-06 19:00:00,150,150,123
2023-05-06 19:20:00,150,150,123
2023-05-06 19:40:00,150,150,131
2023-05-06 20:00:00,150,150,142
2023-05-06 20:20:00,150,150,142
2023-05-06 20:40:00,150,150,142
2023-05-06 21:00:00,163,150,142
2023-05-06 21:20:00,172,156,142
2023-05-06 21:40:00,172,156,142
2023-05-06 22:00:00,172,156,142
2023-05-06 22:20:00,172,156,142
2023-05-06 22:40:00,163,156,142
2023-05-06 23:00:00,156,156,142
2023-05-06 23:20:00,156,156,142
2023-05-06 23:40:00,156,156,142
2023-05-07 00:00:00,156,156,142
2023-05-07 00:20:00,156,156,142
2023-05-07 00:40:00,163,156,142
2023-05-07 01:00:00,164,156,142
2023-05-07 01:20:00,164,156,142
2023-05-07 01:40:00,164,156,137
2023-05-07 02:00:00,164,156,136
2023-05-07 02:20:00,164,156,136
2023-05-07 02:40:00,157,153,132
2023-05-07 03:00:00,156,150,129
2023-05-07 03:20:00,156,150,129
2023-05-07 03:40:00,156,150,129
2023-05-07 04:00:00,156,150,129
2023-05-07 04:20:00,156,150,129
2023-05-07 04:40:00,156,150,129
2023-05-07 05:00:00,156,150,128
2023-05-07 05:20:00,156,149,123
2023-05-07 05:40:00,156,156,123
2023-05-07 06:00:00,156,156,123
2023-05-07 06:20:00,158,157,124
2023-05-07 06:40:00,195,170,135
2023-05-07 07:00:00,209,209,174
2023-05-07 07:20:00,209,209,201
2023-05-07 07:40:00,227,221,204
2023-05-07 08:00:00,242,234,209
2023-05-07 08:20:00,242,232,210
2023-05-07 08:40:00,242,231,210
2023-05-07 09:00:00,242,221,209
2023-05-07 09:20:00,242,220,209
2023-05-07 09:40:00,232,220,209
2023-05-07 10:00:00,231,220,209
2023-05-07 10:20:00,231,220,209
2023-05-07 10:40:00,231,215,209
2023-05-07 11:00:00,231,209,209
2023-05-07 11:20:00,231,209,209
2023-05-07 11:40:00,222,209,209
2023-05-07 12:00:00,220,209,209
2023-05-07 12:20:00,220,209,206
2023-05-07 12:40:00,220,209,200
2023-05-07 13:00:00,220,209,200
2023-05-07 13:20:00,221,209,200
2023-05-07 13:40:00,221,209,200
2023-05-07 14:00:00,221,210,200
2023-05-07 14:20:00,229,229,200
2023-05-07 14:40:00,231,226,205
2023-05-07 15:00:00,231,221,213
2023-05-07 15:20:00,231,220,220
2023-05-07 15:40:00,231,220,220
2023-05-07 16:00:00,231,220,220
2023-05-07 16:20:00,231,220,220
2023-05-07 16:40:00,231,220,220
2023-05-07 17:00:00,231,220,220
2023-05-07 17:20:00,231,221,214
2023-05-07 17:40:00,231,231,210
2023-05-07 18:00:00,231,228,210
2023-05-07 18:20:00,231,220,210
2023-05-07 18:40:00,231,220,210
2023-05-07 19:00:00,231,220,210
2023-05-07 19:20:00,276,258,210
2023-05-07 19:40:00,445,445,220
2023-05-07 20:00:00,473,473,254
2023-05-07 20:20:00,504,504,355
2023-05-07 20:40:00,518,518,465
2023-05-07 21:00:00,525,525,504
2023-05-07 21:20:00,548,548,504
2023-05-07 21:40:00,554,554,504
2023-05-07 22:00:00,617,617,505
2023-05-07 22:20:00,610,610,505
2023-05-07 22:40:00,605,605,505
2023-05-07 23:00:00,605,605,505
2023-05-07 23:20:00,606,606,505
2023-05-07 23:40:00,599,599,505
2023-05-08 00:00:00,583,583,504
2023-05-08 00:20:00,582,582,505
2023-05-08 00:40:00,582,582,505
2023-05-08 01:00:00,583,583,505
2023-05-08 01:20:00,572,572,505
2023-05-08 01:40:00,555,555,505
2023-05-08 02:00:00,555,555,505
2023-05-08 02:20:00,555,555,505
2023-05-08 02:40:00,555,555,505
2023-05-08 03:00:00,555,555,505
2023-05-08 03:20:00,555,555,505
2023-05-08 03:40:00,555,555,505
2023-05-08 04:00:00,555,555,505
2023-05-08 04:20:00,555,555,505
2023-05-08 04:40:00,556,556,505
2023-05-08 05:00:00,556,556,505
2023-05-08 05:20:00,556,556,505
2023-05-08 05:40:00,556,556,505
2023-05-08 06:00:00,556,556,505
2023-05-08 06:20:00,556,556,505
2023-05-08 06:40:00,556,556,505
2023-05-08 07:00:00,556,556,505
2023-05-08 07:20:00,556,556,505
2023-05-08 07:40:00,556,556,505
2023-05-08 08:00:00,557,557,505
2023-05-08 08:20:00,557,557,505
2023-05-08 08:40:00,557,557,505
2023-05-08 09:00:00,575,575,505
2023-05-08 09:20:00,596,596,531
2023-05-08 09:40:00,588,588,557
2023-05-08 10:00:00,583,583,557
2023-05-08 10:20:00,583,583,557
2023-05-08 10:40:00,583,583,557
2023-05-08 11:00:00,583,583,557
2023-05-08 11:20:00,584,584,557
2023-05-08 11:40:00,584,584,557
2023-05-08 12:00:00,584,584,557
2023-05-08 12:20:00,584,584,557
2023-05-08 12:40:00,584,584,557
2023-05-08 13:00:00,584,584,557
2023-05-08 13:20:00,584,584,557
2023-05-08 13:40:00,584,584,557
2023-05-08 14:00:00,606,606,557
2023-05-08 14:20:00,611,611,557
2023-05-08 14:40:00,611,611,557
2023-05-08 15:00:00,612,612,536
2023-05-08 15:20:00,612,612,504
2023-05-08 15:40:00,612,612,504
2023-05-08 16:00:00,612,612,504
2023-05-08 16:20:00,612,612,504
2023-05-08 16:40:00,612,612,504
2023-05-08 17:00:00,612,612,504
2023-05-08 17:20:00,612,612,504
2023-05-08 17:40:00,612,612,504
2023-05-08 18:00:00,612,612,504
2023-05-08 18:20:00,613,613,504
2023-05-08 18:40:00,613,613,505
2023-05-08 19:00:00,613,613,505
2023-05-08 19:20:00,613,613,505
2023-05-08 19:40:00,613,613,505
2023-05-08 20:00:00,613,613,505
2023-05-08 20:20:00,613,613,505
2023-05-08 20:40:00,613,613,505
2023-05-08 21:00:00,613,613,505
2023-05-08 21:20:00,613,613,505
2023-05-08 21:40:00,613,613,505
2023-05-08 22:00:00,613,613,505
2023-05-08 22:20:00,613,613,505
2023-05-08 22:40:00,613,613,505
2023-05-08 23:00:00,613,613,505
2023-05-08 23:20:00,613,613,505
2023-05-08 23:40:00,598,583,505
2023-05-09 00:00:00,583,538,505
2023-05-09 00:20:00,583,527,505
2023-05-09 00:40:00,584,527,505
2023-05-09 01:00:00,584,527,505
2023-05-09 01:20:00,584,527,505
2023-05-09 01:40:00,584,527,505
2023-05-09 02:00:00,584,527,505
2023-05-09 02:20:00,584,527,505
2023-05-09 02:40:00,584,527,505
2023-05-09 03:00:00,584,527,505
2023-05-09 03:20:00,584,527,505
2023-05-09 03:40:00,584,527,505
2023-05-09 04:00:00,584,516,505
2023-05-09 04:20:00,584,505,505
2023-05-09 04:40:00,584,505,505
2023-05-09 05:00:00,584,505,505
2023-05-09 05:20:00,584,505,505
2023-05-09 05:40:00,584,505,505
2023-05-09 06:00:00,584,505,505
2023-05-09 06:20:00,584,505,505
2023-05-09 06:40:00,584,505,505
2023-05-09 07:00:00,584,505,505
2023-05-09 07:20:00,584,505,505
2023-05-09 07:40:00,584,505,505
2023-05-09 08:00:00,584,505,505
2023-05-09 08:20:00,584,505,505
2023-05-09 08:40:00,584,505,505
2023-05-09 09:00:00,584,505,505
2023-05-09 09:20:00,584,505,505
2023-05-09 09:40:00,584,505,505
2023-05-09 10:00:00,584,505,505
2023-05-09 10:20:00,584,505,505
2023-05-09 10:40:00,584,505,505
2023-05-09 11:00:00,584,505,505
2023-05-09 11:20:00,584,505,505
2023-05-09 11:40:00,584,505,505
2023-05-09 12:00:00,584,505,505
2023-05-09 12:20:00,584,505,505
2023-05-09 12:40:00,584,505,505
2023-05-09 13:00:00,584,505,505
2023-05-09 13:20:00,584,505,505
2023-05-09 13:40:00,584,505,505
2023-05-09 14:00:00,584,505,505
2023-05-09 14:20:00,584,505,505
2023-05-09 14:40:00,584,505,505
2023-05-09 15:00:00,584,505,505
2023-05-09 15:20:00,584,505,505
2023-05-09 15:40:00,584,505,505
2023-05-09 16:00:00,561,505,505
2023-05-09 16:20:00,555,505,485
2023-05-09 16:40:00,555,505,456
2023-05-09 17:00:00,555,505,456
2023-05-09 17:20:00,555,505,456
2023-05-09 17:40:00,556,505,457
2023-05-09 18:00:00,556,505,457
2023-05-09 18:20:00,556,505,457
2023-05-09 18:40:00,556,505,457
2023-05-09 19:00:00,556,505,457
2023-05-09 19:20:00,556,505,457
2023-05-09 19:40:00,556,505,457
2023-05-09 20:00:00,556,505,457
2023-05-09 20:20:00,556,505,457
2023-05-09 20:40:00,556,505,457
2023-05-09 21:00:00,556,505,457
2023-05-09 21:20:00,556,505,457
2023-05-09 21:40:00,556,505,457
2023-05-09 22:00:00,556,505,457
2023-05-09 22:20:00,556,505,457
2023-05-09 22:40:00,556,505,457
2023-05-09 23:00:00,556,505,457
2023-05-09 23:20:00,556,505,457
2023-05-09 23:40:00,556,505,457
2023-05-10 00:00:00,556,505,457
2023-05-10 00:20:00,556,505,455
2023-05-10 00:40:00,556,505,435
2023-05-10 01:00:00,556,505,435
2023-05-10 01:20:00,556,505,435
2023-05-10 01:40:00,556,505,435
2023-05-10 02:00:00,556,505,435
2023-05-10 02:20:00,556,505,435
2023-05-10 02:40:00,556,505,435
2023-05-10 03:00:00,556,505,435
2023-05-10 03:20:00,556,505,435
2023-05-10 03:40:00,556,505,435
2023-05-10 04:00:00,556,505,435
2023-05-10 04:20:00,556,505,435
2023-05-10 04:40:00,556,505,435
2023-05-10 05:00:00,556,505,435
2023-05-10 05:20:00,556,505,435
2023-05-10 05:40:00,556,505,435
2023-05-10 06:00:00,526,505,435
2023-05-10 06:20:00,505,505,435
2023-05-10 06:40:00,505,505,435
2023-05-10 07:00:00,505,505,435
2023-05-10 07:20:00,505,505,435
2023-05-10 07:40:00,505,505,435
2023-05-10 08:00:00,505,505,435
2023-05-10 08:20:00,505,505,435
2023-05-10 08:40:00,505,505,435
2023-05-10 09:00:00,505,505,435
2023-05-10 09:20:00,505,505,435
2023-05-10 09:40:00,505,505,435
2023-05-10 10:00:00,505,505,435
2023-05-10 10:20:00,505,505,435
2023-05-10 10:40:00,505,505,435
2023-05-10 11:00:00,505,505,435
2023-05-10 11:20:00,505,505,435
2023-05-10 11:40:00,505,505,435
2023-05-10 12:00:00,505,505,435
2023-05-10 12:20:00,505,505,435
2023-05-10 12:40:00,506,506,435
2023-05-10 13:00:00,506,506,435
2023-05-10 13:20:00,506,506,435
2023-05-10 13:40:00,506,506,435
2023-05-10 14:00:00,506,506,435
2023-05-10 14:20:00,506,506,435
2023-05-10 14:40:00,506,506,435
2023-05-10 15:00:00,506,506,435
2023-05-10 15:20:00,506,506,435
2023-05-10 15:40:00,506,506,435
2023-05-10 16:00:00,506,506,435
2023-05-10 16:20:00,506,506,420
2023-05-10 16:40:00,506,506,376
2023-05-10 17:00:00,506,506,376
2023-05-10 17:20:00,506,506,376
2023-05-10 17:40:00,506,506,376
2023-05-10 18:00:00,506,506,376
2023-05-10 18:20:00,506,506,376
2023-05-10 18:40:00,506,506,376
2023-05-10 19:00:00,506,506,376
2023-05-10 19:20:00,506,506,376
2023-05-10 19:40:00,506,506,376
2023-05-10 20:00:00,506,506,376
2023-05-10 20:20:00,506,506,376
2023-05-10 20:40:00,506,506,376
2023-05-10 21:00:00,506,506,376
2023-05-10 21:20:00,506,506,376
2023-05-10 21:40:00,506,506,376
2023-05-10 22:00:00,506,506,376
2023-05-10 22:20:00,506,506,376
2023-05-10 22:40:00,506,506,376
2023-05-10 23:00:00,506,506,376
2023-05-10 23:20:00,506,506,376
2023-05-10 23:40:00,506,506,376
2023-05-11 00:00:00,506,506,376
2023-05-11 00:20:00,506,506,376
2023-05-11 00:40:00,506,506,376
2023-05-11 01:00:00,506,506,376
2023-05-11 01:20:00,506,506,376
2023-05-11 01:40:00,506,506,376
2023-05-11 02:00:00,506,506,376
2023-05-11 02:20:00,506,506,376
2023-05-11 02:40:00,506,506,376
2023-05-11 03:00:00,506,506,376
2023-05-11 03:20:00,506,506,376
2023-05-11 03:40:00,506,506,376
2023-05-11 04:00:00,506,506,376
2023-05-11 04:20:00,506,506,376
2023-05-11 04:40:00,506,506,376
2023-05-11 05:00:00,506,506,376
2023-05-11 05:20:00,507,507,376
2023-05-11 05:40:00,507,507,376
2023-05-11 06:00:00,507,507,376
2023-05-11 06:20:00,507,507,376
2023-05-11 06:40:00,507,507,376
2023-05-11 07:00:00,507,507,376
2023-05-11 07:20:00,507,507,376
2023-05-11 07:40:00,507,507,376
2023-05-11 08:00:00,507,507,376
2023-05-11 08:20:00,507,457,376
2023-05-11 08:40:00,507,457,376
2023-05-11 09:00:00,507,457,376
2023-05-11 09:20:00,507,457,376
2023-05-11 09:40:00,507,457,376
2023-05-11 10:00:00,507,457,376
2023-05-11 10:20:00,507,457,376
2023-05-11 10:40:00,507,457,376
2023-05-11 11:00:00,507,457,376
2023-05-11 11:20:00,507,457,376
2023-05-11 11:40:00,507,457,376
2023-05-11 12:00:00,507,457,376
2023-05-11 12:20:00,507,457,335
2023-05-11 12:40:00,507,457,308
2023-05-11 13:00:00,507,457,238
2023-05-11 13:20:00,507,457,231
2023-05-11 13:40:00,507,457,231
2023-05-11 14:00:00,507,457,231
2023-05-11 14:20:00,507,457,231
2023-05-11 14:40:00,507,457,231
2023-05-11 15:00:00,487,432,222
2023-05-11 15:20:00,457,395,209
2023-05-11 15:40:00,457,395,209
2023-05-11 16:00:00,457,395,209
2023-05-11 16:20:00,457,395,209
2023-05-11 16:40:00,457,395,209
2023-05-11 17:00:00,457,395,209
2023-05-11 17:20:00,457,391,209
2023-05-11 17:40:00,457,376,209
2023-05-11 18:00:00,457,376,209
2023-05-11 18:20:00,457,376,210
2023-05-11 18:40:00,438,376,210
2023-05-11 19:00:00,436,376,210
2023-05-11 19:20:00,436,376,210
2023-05-11 19:40:00,436,376,210
2023-05-11 20:00:00,436,376,210
2023-05-11 20:20:00,436,376,210
2023-05-11 20:40:00,436,376,210
2023-05-11 21:00:00,436,376,210
2023-05-11 21:20:00,436,376,210
2023-05-11 21:40:00,436,376,210
2023-05-11 22:00:00,436,376,210
2023-05-11 22:20:00,436,376,210
2023-05-11 22:40:00,436,376,210
2023-05-11 23:00:00,436,376,210
2023-05-11 23:20:00,436,376,210
2023-05-11 23:40:00,436,315,210
2023-05-12 00:00:00,436,308,210
2023-05-12 00:20:00,436,308,210
2023-05-12 00:40:00,432,308,210
2023-05-12 01:00:00,395,308,210
2023-05-12 01:20:00,395,271,210
2023-05-12 01:40:00,395,267,210
2023-05-12 02:00:00,395,267,210
2023-05-12 02:20:00,395,267,210
2023-05-12 02:40:00,395,267,210
2023-05-12 03:00:00,395,267,210
2023-05-12 03:20:00,395,267,210
2023-05-12 03:40:00,395,267,210
2023-05-12 04:00:00,395,267,210
2023-05-12 04:20:00,395,267,210
2023-05-12 04:40:00,395,267,210
2023-05-12 05:00:00,395,267,210
2023-05-12 05:20:00,395,267,210
2023-05-12 05:40:00,395,267,210
2023-05-12 06:00:00,387,267,210
2023-05-12 06:20:00,376,267,210
2023-05-12 06:40:00,376,267,210
2023-05-12 07:00:00,376,267,210
2023-05-12 07:20:00,376,267,210
2023-05-12 07:40:00,376,267,210
2023-05-12 08:00:00,376,267,210
2023-05-12 08:20:00,376,267,210
2023-05-12 08:40:00,376,267,201
2023-05-12 09:00:00,376,267,200
2023-05-12 09:20:00,376,267,200
2023-05-12 09:40:00,377,267,200
2023-05-12 10:00:00,377,267,200
2023-05-12 10:20:00,377,267,200
2023-05-12 10:40:00,377,267,200
2023-05-12 11:00:00,377,267,200
2023-05-12 11:20:00,377,267,200
2023-05-12 11:40:00,377,267,200
2023-05-12 12:00:00,377,229,200
2023-05-12 12:20:00,377,220,200
2023-05-12 12:40:00,377,220,200
2023-05-12 13:00:00,377,220,200
2023-05-12 13:20:00,377,220,200
2023-05-12 13:40:00,377,220,200
2023-05-12 14:00:00,377,220,200
2023-05-12 14:20:00,377,220,200
2023-05-12 14:40:00,377,220,200
2023-05-12 15:00:00,377,220,200
2023-05-12 15:20:00,377,220,200
2023-05-12 15:40:00,350,220,200
2023-05-12 16:00:00,309,220,200
2023-05-12 16:20:00,309,218,200
2023-05-12 16:40:00,271,210,200
2023-05-12 17:00:00,267,210,200
2023-05-12 17:20:00,258,210,200
2023-05-12 17:40:00,220,210,200
2023-05-12 18:00:00,220,207,200
2023-05-12 18:20:00,220,200,200
2023-05-12 18:40:00,217,200,200
2023-05-12 19:00:00,210,201,200
2023-05-12 19:20:00,210,201,200
2023-05-12 19:40:00,210,201,200
2023-05-12 20:00:00,207,201,200
2023-05-12 20:20:00,201,201,200
2023-05-12 20:40:00,201,201,200
2023-05-12 21:00:00,201,201,200
2023-05-12 21:20:00,201,201,196
2023-05-12 21:40:00,201,200,190
2023-05-12 22:00:00,201,201,190
2023-05-12 22:20:00,201,201,190
2023-05-12 22:40:00,201,201,190
2023-05-12 23:00:00,201,201,190
2023-05-12 23:20:00,201,201,190
2023-05-12 23:40:00,201,201,187
2023-05-13 00:00:00,201,201,181
2023-05-13 00:20:00,201,201,181
2023-05-13 00:40:00,201,201,181
2023-05-13 01:00:00,201,201,181
2023-05-13 01:20:00,201,201,181
2023-05-13 01:40:00,201,201,181
2023-05-13 02:00:00,201,201,181
2023-05-13 02:20:00,201,201,181
2023-05-13 02:40:00,201,201,181
2023-05-13 03:00:00,201,201,181
2023-05-13 03:20:00,201,201,181
2023-05-13 03:40:00,201,201,181
2023-05-13 04:00:00,201,201,181
2023-05-13 04:20:00,201,201,181
2023-05-13 04:40:00,201,201,181
2023-05-13 05:00:00,201,201,181
2023-05-13 05:20:00,201,201,181
2023-05-13 05:40:00,201,201,176
2023-05-13 06:00:00,201,201,156
2023-05-13 06:20:00,201,201,156
2023-05-13 06:40:00,201,201,156
2023-05-13 07:00:00,201,201,149
2023-05-13 07:20:00,201,201,142
2023-05-13 07:40:00,201,201,142
2023-05-13 08:00:00,201,201,142
2023-05-13 08:20:00,201,201,142
2023-05-13 08:40:00,201,201,142
2023-05-13 09:00:00,201,201,142
2023-05-13 09:20:00,201,201,142
2023-05-13 09:40:00,201,201,142
2023-05-13 10:00:00,201,201,142
2023-05-13 10:20:00,201,201,142
2023-05-13 10:40:00,201,201,142
2023-05-13 11:00:00,201,201,142
2023-05-13 11:20:00,201,185,142
2023-05-13 11:40:00,201,181,142
2023-05-13 12:00:00,201,181,142
2023-05-13 12:20:00,201,181,142
2023-05-13 12:40:00,201,181,142
2023-05-13 13:00:00,201,181,142
2023-05-13 13:20:00,201,181,142
2023-05-13 13:40:00,201,181,142
2023-05-13 14:00:00,201,165,142
2023-05-13 14:20:00,201,164,142
2023-05-13 14:40:00,201,164,142
2023-05-13 15:00:00,201,164,142
2023-05-13 15:20:00,201,164,142
2023-05-13 15:40:00,201,164,142
2023-05-13 16:00:00,201,164,142
2023-05-13 16:20:00,201,164,142
2023-05-13 16:40:00,201,163,142
2023-05-13 17:00:00,201,156,142
2023-05-13 17:20:00,201,156,142
2023-05-13 17:40:00,201,156,142
2023-05-13 18:00:00,201,156,142
2023-05-13 18:20:00,201,156,142
2023-05-13 18:40:00,201,156,142
2023-05-13 19:00:00,201,156,142
2023-05-13 19:20:00,201,156,142
2023-05-13 19:40:00,201,156,142
2023-05-13 20:00:00,201,156,142
2023-05-13 20:20:00,201,156,142
2023-05-13 20:40:00,201,156,142
2023-05-13 21:00:00,201,156,142
2023-05-13 21:20:00,201,156,142
2023-05-13 21:40:00,201,156,141
2023-05-13 22:00:00,201,156,141
2023-05-13 22:20:00,201,156,124
2023-05-13 22:40:00,201,156,116
2023-05-13 23:00:00,201,156,116
2023-05-13 23:20:00,193,156,121
2023-05-13 23:40:00,164,156,121
2023-05-14 00:00:00,164,156,116
2023-05-14 00:20:00,164,156,116
2023-05-14 00:40:00,164,156,116
2023-05-14 01:00:00,164,156,116
2023-05-14 01:20:00,164,156,116
2023-05-14 01:40:00,164,156,116
2023-05-14 02:00:00,161,156,113
2023-05-14 02:20:00,156,156,106
2023-05-14 02:40:00,156,156,106
2023-05-14 03:00:00,156,156,106
2023-05-14 03:20:00,156,156,106
2023-05-14 03:40:00,156,156,106
2023-05-14 04:00:00,156,156,106
2023-05-14 04:20:00,156,156,106
2023-05-14 04:40:00,156,156,106
2023-05-14 05:00:00,156,156,106
2023-05-14 05:20:00,156,156,106
2023-05-14 05:40:00,156,156,106
2023-05-14 06:00:00,156,156,106
2023-05-14 06:20:00,156,156,106
2023-05-14 06:40:00,156,156,106
2023-05-14 07:00:00,157,157,106
2023-05-14 07:20:00,157,157,106
2023-05-14 07:40:00,157,157,106
2023-05-14 08:00:00,157,157,106
2023-05-14 08:20:00,157,157,106
2023-05-14 08:40:00,157,157,106
2023-05-14 09:00:00,157,157,106
2023-05-14 09:20:00,157,157,106
2023-05-14 09:40:00,157,157,106
2023-05-14 10:00:00,157,157,106
2023-05-14 10:20:00,157,143,106
2023-05-14 10:40:00,157,122,106
2023-05-14 11:00:00,157,122,106
2023-05-14 11:20:00,157,122,106
2023-05-14 11:40:00,157,122,106
2023-05-14 12:00:00,157,122,106
2023-05-14 12:20:00,157,111,106
2023-05-14 12:40:00,157,106,106
2023-05-14 13:00:00,157,106,106
2023-05-14 13:20:00,157,106,106
2023-05-14 13:40:00,157,106,106
2023-05-14 14:00:00,157,106,106
2023-05-14 14:20:00,157,106,106
2023-05-14 14:40:00,157,106,106
2023-05-14 15:00:00,157,106,106
2023-05-14 15:20:00,157,106,106
2023-05-14 15:40:00,157,106,106
2023-05-14 16:00:00,157,106,106
2023-05-14 16:20:00,157,106,106
2023-05-14 16:40:00,157,106,106
2023-05-14 17:00:00,157,106,106
2023-05-14 17:20:00,150,106,106
2023-05-14 17:40:00,122,106,106
2023-05-14 18:00:00,122,106,106
2023-05-14 18:20:00,122,106,106
2023-05-14 18:40:00,122,106,106
2023-05-14 19:00:00,119,106,106
2023-05-14 19:20:00,106,106,106
2023-05-14 19:40:00,106,106,106
2023-05-14 20:00:00,106,106,106
2023-05-14 20:20:00,106,106,106
2023-05-14 20:40:00,106,106,106
2023-05-14 21:00:00,106,106,106
2023-05-14 21:20:00,106,106,106
2023-05-14 21:40:00,106,106,106
2023-05-14 22:00:00,106,106,106
2023-05-14 22:20:00,106,106,106
2023-05-14 22:40:00,106,106,106
2023-05-14 23:00:00,106,106,106
2023-05-14 23:20:00,106,106,106
2023-05-14 23:40:00,106,106,106
2023-05-15 00:00:00,106,106,106
2023-05-15 00:20:00,106,106,106
2023-05-15 00:40:00,106,106,106
2023-05-15 01:00:00,106,106,106
2023-05-15 01:20:00,106,106,106
2023-05-15 01:40:00,106,106,106
2023-05-15 02:00:00,106,106,106
2023-05-15 02:20:00,106,106,106
2023-05-15 02:40:00,106,106,106
2023-05-15 03:00:00,106,106,106
2023-05-15 03:20:00,106,106,106
2023-05-15 03:40:00,106,106,106
2023-05-15 04:00:00,106,106,106
2023-05-15 04:20:00,106,106,106
2023-05-15 04:40:00,106,106,106
2023-05-15 05:00:00,106,106,106
2023-05-15 05:20:00,106,106,106
2023-05-15 05:40:00,106,106,106
2023-05-15 06:00:00,106,106,106
2023-05-15 06:20:00,106,106,106
2023-05-15 06:40:00,106,106,106
2023-05-15 07:00:00,106,106,106
2023-05-15 07:20:00,106,106,106
2023-05-15 07:40:00,106,106,106
2023-05-15 08:00:00,106,106,106
2023-05-15 08:20:00,106,106,106
2023-05-15 08:40:00,106,106,106
2023-05-15 09:00:00,106,106,106
2023-05-15 09:20:00,106,106,106
2023-05-15 09:40:00,106,106,106
2023-05-15 10:00:00,106,106,106
2023-05-15 10:20:00,106,106,106
2023-05-15 10:40:00,106,106,106
2023-05-15 11:00:00,106,106,106
2023-05-15 11:20:00,106,106,106
2023-05-15 11:40:00,106,106,106
2023-05-15 12:00:00,106,106,106
2023-05-15 12:20:00,106,106,106
2023-05-15 12:40:00,106,106,106
2023-05-15 13:00:00,106,106,106
2023-05-15 13:20:00,106,106,106
2023-05-15 13:40:00,106,106,106
2023-05-15 14:00:00,106,106,106
2023-05-15 14:20:00,106,106,106
2023-05-15 14:40:00,106,106,106
2023-05-15 15:00:00,106,106,106
2023-05-15 15:20:00,106,106,106
2023-05-15 15:40:00,106,106,106
2023-05-15 16:00:00,106,106,106
2023-05-15 16:20:00,106,106,106
2023-05-15 16:40:00,106,106,106
2023-05-15 17:00:00,106,106,106
2023-05-15 17:20:00,106,106,106
2023-05-15 17:40:00,106,106,106
2023-05-15 18:00:00,106,106,106
2023-05-15 18:20:00,106,106,106
2023-05-15 18:40:00,106,106,106
2023-05-15 19:00:00,106,106,106
2023-05-15 19:20:00,106,106,106
2023-05-15 19:40:00,106,106,106
2023-05-15 20:00:00,106,106,106
2023-05-15 20:20:00,106,106,106
2023-05-15 20:40:00,106,106,106
2023-05-15 21:00:00,106,106,106
2023-05-15 21:20:00,106,106,106
2023-05-15 21:40:00,106,106,106
2023-05-15 22:00:00,106,106,106
2023-05-15 22:20:00,106,106,106
2023-05-15 22:40:00,106,106,106
2023-05-15 23:00:00,106,106,106
2023-05-15 23:20:00,106,106,106
2023-05-15 23:40:00,106,106,106
2023-05-16 00:00:00,106,106,106
2023-05-16 00:20:00,106,106,106
2023-05-16 00:40:00,106,106,106
2023-05-16 01:00:00,106,106,106
2023-05-16 01:20:00,106,106,106
2023-05-16 01:40:00,106,106,46.5
2023-05-16 02:00:00,88.8,78.4,39.8
2023-05-16 02:20:00,71.2,50.5,39.8
2023-05-16 02:40:00,71.2,50.5,39.8
2023-05-16 03:00:00,71.2,50.5,39.8
2023-05-16 03:20:00,71.2,50.5,38.3
2023-05-16 03:40:00,71.1,50.5,37.6
2023-05-16 04:00:00,71.1,50.5,35.1
2023-05-16 04:20:00,71.1,50.5,32.6
2023-05-16 04:40:00,71.1,50.5,32.6
2023-05-16 05:00:00,71.1,50.5,32.6
2023-05-16 05:20:00,71.1,50.5,32.6
2023-05-16 05:40:00,75.1,67.1,32.6
2023-05-16 06:00:00,98.2,79.5,35.7
2023-05-16 06:20:00,104,104,62.1
2023-05-16 06:40:00,101,101,75.0
2023-05-16 07:00:00,101,101,85.3
2023-05-16 07:20:00,101,101,101
2023-05-16 07:40:00,101,101,101
2023-05-16 08:00:00,101,101,101
2023-05-16 08:20:00,101,101,101
2023-05-16 08:40:00,101,101,86.6
2023-05-16 09:00:00,101,101,52.7
2023-05-16 09:20:00,101,101,80.7
2023-05-16 09:40:00,101,101,101
2023-05-16 10:00:00,101,85.5,64.1
2023-05-16 10:20:00,101,75.2,48.4
2023-05-16 10:40:00,101,75.2,48.4
2023-05-16 11:00:00,95.8,90.4,48.4
2023-05-16 11:20:00,91.1,91.0,48.4
2023-05-16 11:40:00,91.1,91.0,48.4
2023-05-16 12:00:00,99.0,97.2,60.7
2023-05-16 12:20:00,111,107,82.7
2023-05-16 12:40:00,109,104,91.1
2023-05-16 13:00:00,107,101,91.1
2023-05-16 13:20:00,107,107,91.1
2023-05-16 13:40:00,107,107,91.1
2023-05-16 14:00:00,107,107,91.1
2023-05-16 14:20:00,107,107,91.1
2023-05-16 14:40:00,107,101,91.1
2023-05-16 15:00:00,107,105,91.1
2023-05-16 15:20:00,107,107,91.1
2023-05-16 15:40:00,107,107,91.1
2023-05-16 16:00:00,107,107,91.1
2023-05-16 16:20:00,107,107,91.1
2023-05-16 16:40:00,103,103,70.2
2023-05-16 17:00:00,91.3,91.3,67.0
2023-05-16 17:20:00,91.4,91.4,59.2
2023-05-16 17:40:00,91.5,91.5,59.2
2023-05-16 18:00:00,91.6,91.6,59.1
2023-05-16 18:20:00,91.6,91.6,55.7
2023-05-16 18:40:00,91.7,91.7,53.4
2023-05-16 19:00:00,91.7,91.7,53.4
2023-05-16 19:20:00,91.7,91.7,53.4
2023-05-16 19:40:00,91.8,91.8,53.4
2023-05-16 20:00:00,91.8,91.8,53.4
2023-05-16 20:20:00,91.8,91.8,53.4
2023-05-16 20:40:00,91.8,91.8,54.8
2023-05-16 21:00:00,91.8,91.8,53.4
2023-05-16 21:20:00,91.8,91.8,53.4
2023-05-16 21:40:00,91.8,91.8,53.4
2023-05-16 22:00:00,91.8,91.8,53.4
2023-05-16 22:20:00,91.8,91.8,53.4
2023-05-16 22:40:00,91.9,91.9,53.4
2023-05-16 23:00:00,91.8,91.8,53.4
2023-05-16 23:20:00,91.8,91.8,53.4
2023-05-16 23:40:00,91.8,91.8,53.4
2023-05-17 00:00:00,91.9,91.9,53.4
2023-05-17 00:20:00,91.9,91.9,53.4
2023-05-17 00:40:00,87.1,87.1,53.1
2023-05-17 01:00:00,87.2,75.2,50.6
2023-05-17 01:20:00,87.3,75.2,50.6
2023-05-17 01:40:00,83.1,75.2,48.6
2023-05-17 02:00:00,82.7,75.2,48.4
2023-05-17 02:20:00,82.7,75.2,48.4
2023-05-17 02:40:00,79.4,75.2,48.4
2023-05-17 03:00:00,79.0,75.2,48.4
2023-05-17 03:20:00,79.0,75.2,48.4
2023-05-17 03:40:00,79.0,75.2,48.4
2023-05-17 04:00:00,79.0,75.2,48.4
2023-05-17 04:20:00,79.0,75.2,48.4
2023-05-17 04:40:00,79.0,75.2,48.4
2023-05-17 05:00:00,79.0,75.2,48.4
2023-05-17 05:20:00,79.0,75.2,48.4
2023-05-17 05:40:00,79.0,75.2,48.4
2023-05-17 06:00:00,79.0,75.2,48.4
2023-05-17 06:20:00,75.6,75.2,48.4
2023-05-17 06:40:00,75.3,75.3,48.4
2023-05-17 07:00:00,75.3,75.3,48.4
2023-05-17 07:20:00,75.3,75.3,48.4
2023-05-17 07:40:00,75.3,75.3,48.4
2023-05-17 08:00:00,75.3,75.3,48.4
2023-05-17 08:20:00,75.3,75.3,48.4
2023-05-17 08:40:00,75.4,75.4,48.4
2023-05-17 09:00:00,75.4,75.4,48.4
2023-05-17 09:20:00,75.4,75.4,48.4
2023-05-17 09:40:00,75.4,75.4,48.4
2023-05-17 10:00:00,75.4,75.4,48.4
2023-05-17 10:20:00,75.4,75.4,48.4
2023-05-17 10:40:00,75.4,75.4,48.4
2023-05-17 11:00:00,75.5,68.1,48.4
2023-05-17 11:20:00,75.5,54.0,47.9
2023-05-17 11:40:00,75.5,53.4,45.8
2023-05-17 12:00:00,75.5,53.4,45.8
2023-05-17 12:20:00,75.5,53.4,45.8
2023-05-17 12:40:00,75.5,53.4,45.8
2023-05-17 13:00:00,75.5,53.4,45.8
2023-05-17 13:20:00,75.5,53.4,45.8
2023-05-17 13:40:00,74.7,53.4,45.8
2023-05-17 14:00:00,71.3,53.4,45.8
2023-05-17 14:20:00,71.3,53.4,35.1
2023-05-17 14:40:00,71.3,53.4,34.6
2023-05-17 15:00:00,71.3,50.8,34.6
2023-05-17 15:20:00,71.3,50.6,34.6
2023-05-17 15:40:00,71.3,50.6,34.6
2023-05-17 16:00:00,71.3,50.6,34.6
2023-05-17 16:20:00,71.3,50.6,34.6
2023-05-17 16:40:00,73.1,55.7,34.6
2023-05-17 17:00:00,75.7,61.7,34.6
2023-05-17 17:20:00,75.7,75.7,34.6
2023-05-17 17:40:00,75.7,75.7,34.6
2023-05-17 18:00:00,77.5,75.7,37.0
2023-05-17 18:20:00,78.8,76.3,52.8
2023-05-17 18:40:00,78.9,78.8,75.7
2023-05-17 19:00:00,81.4,81.4,75.7
2023-05-17 19:20:00,82.5,82.5,75.7
2023-05-17 19:40:00,83.8,83.8,76.6
2023-05-17 20:00:00,86.8,86.8,78.8
2023-05-17 20:20:00,86.8,86.8,78.8
2023-05-17 20:40:00,86.9,86.9,78.8
2023-05-17 21:00:00,86.9,86.9,78.8
2023-05-17 21:20:00,87.0,87.0,78.8
2023-05-17 21:40:00,87.0,87.0,78.8
2023-05-17 22:00:00,87.1,87.1,78.9
2023-05-17 22:20:00,87.2,87.2,78.9
2023-05-17 22:40:00,87.2,87.2,78.9
2023-05-17 23:00:00,83.1,83.1,78.9
2023-05-17 23:20:00,78.9,78.9,78.9
2023-05-17 23:40:00,79.0,79.0,79.0
2023-05-18 00:00:00,79.0,79.0,79.0
2023-05-18 00:20:00,79.1,79.1,79.1
2023-05-18 00:40:00,79.1,79.1,79.1
2023-05-18 01:00:00,79.2,79.2,79.2
2023-05-18 01:20:00,79.2,79.2,79.2
2023-05-18 01:40:00,79.3,79.3,79.3
2023-05-18 02:00:00,79.3,79.3,79.3
2023-05-18 02:20:00,79.3,79.3,79.3
2023-05-18 02:40:00,79.3,79.3,79.3
2023-05-18 03:00:00,79.3,79.3,75.6
2023-05-18 03:20:00,79.3,79.3,75.6
2023-05-18 03:40:00,79.4,79.4,75.6
2023-05-18 04:00:00,79.4,79.4,75.6
2023-05-18 04:20:00,79.4,79.4,75.6
2023-05-18 04:40:00,79.4,79.4,75.5
2023-05-18 05:00:00,79.4,79.4,75.5
2023-05-18 05:20:00,79.5,79.5,75.5
2023-05-18 05:40:00,79.5,79.5,75.5
2023-05-18 06:00:00,79.5,79.5,75.5
2023-05-18 06:20:00,79.5,79.5,75.5
2023-05-18 06:40:00,79.5,79.5,75.5
2023-05-18 07:00:00,79.6,79.4,75.5
2023-05-18 07:20:00,79.3,79.2,75.5
2023-05-18 07:40:00,79.2,79.2,75.5
2023-05-18 08:00:00,79.2,79.2,75.5
2023-05-18 08:20:00,79.3,79.3,75.5
2023-05-18 08:40:00,79.3,79.3,75.5
2023-05-18 09:00:00,79.3,79.3,75.5
2023-05-18 09:20:00,79.3,79.3,75.5
2023-05-18 09:40:00,79.3,79.3,75.5
2023-05-18 10:00:00,79.3,79.3,75.5
2023-05-18 10:20:00,79.3,79.3,75.5
2023-05-18 10:40:00,79.3,79.3,75.5
2023-05-18 11:00:00,79.3,79.3,75.5
2023-05-18 11:20:00,79.3,79.3,75.5
2023-05-18 11:40:00,80.1,79.4,75.5
2023-05-18 12:00:00,86.6,79.6,75.5
2023-05-18 12:20:00,88.0,83.9,75.5
2023-05-18 12:40:00,93.8,92.1,75.5
2023-05-18 13:00:00,95.7,95.7,87.0
2023-05-18 13:20:00,95.8,95.8,86.9
2023-05-18 13:40:00,95.8,95.8,86.8
2023-05-18 14:00:00,96.8,96.8,86.8
2023-05-18 14:20:00,101,101,86.8
2023-05-18 14:40:00,101,101,86.9
2023-05-18 15:00:00,101,101,86.9
2023-05-18 15:20:00,101,101,86.9
2023-05-18 15:40:00,101,101,86.9
2023-05-18 16:00:00,101,101,86.9
2023-05-18 16:20:00,101,101,86.9
2023-05-18 16:40:00,101,101,86.9
2023-05-18 17:00:00,101,101,86.9
2023-05-18 17:20:00,115,107,87.8
2023-05-18 17:40:00,150,125,95.0
2023-05-18 18:00:00,150,128,104
2023-05-18 18:20:00,150,128,106
2023-05-18 18:40:00,150,128,106
2023-05-18 19:00:00,150,128,106
2023-05-18 19:20:00,147,128,106
2023-05-18 19:40:00,130,122,106
2023-05-18 20:00:00,128,116,106
2023-05-18 20:20:00,129,117,106
2023-05-18 20:40:00,123,114,106
2023-05-18 21:00:00,111,111,106
2023-05-18 21:20:00,111,111,106
2023-05-18 21:40:00,111,111,106
2023-05-18 22:00:00,111,111,106
2023-05-18 22:20:00,111,111,106
2023-05-18 22:40:00,111,111,106
2023-05-18 23:00:00,111,108,106
2023-05-18 23:20:00,111,106,106
2023-05-18 23:40:00,111,106,106
2023-05-19 00:00:00,111,106,106
2023-05-19 00:20:00,111,106,106
2023-05-19 00:40:00,111,106,106
2023-05-19 01:00:00,111,106,106
2023-05-19 01:20:00,112,106,106
2023-05-19 01:40:00,112,106,106
2023-05-19 02:00:00,112,106,106
2023-05-19 02:20:00,112,106,106
2023-05-19 02:40:00,112,106,106
2023-05-19 03:00:00,112,106,105
2023-05-19 03:20:00,112,106,101
2023-05-19 03:40:00,108,106,101
2023-05-19 04:00:00,106,106,101
2023-05-19 04:20:00,106,106,97.4
2023-05-19 04:40:00,106,106,95.9
2023-05-19 05:00:00,106,106,95.9
2023-05-19 05:20:00,106,106,96.0
2023-05-19 05:40:00,106,106,96.0
2023-05-19 06:00:00,106,106,96.0
2023-05-19 06:20:00,106,106,96.1
2023-05-19 06:40:00,110,110,96.6
2023-05-19 07:00:00,111,111,96.0
2023-05-19 07:20:00,111,111,96.0
2023-05-19 07:40:00,111,111,96.0
2023-05-19 08:00:00,109,109,96.0
2023-05-19 08:20:00,106,106,94.6
2023-05-19 08:40:00,106,106,91.4
2023-05-19 09:00:00,106,106,88.0
2023-05-19 09:20:00,106,106,87.1
2023-05-19 09:40:00,107,106,84.4
2023-05-19 10:00:00,107,106,82.6
2023-05-19 10:20:00,107,106,82.6
2023-05-19 10:40:00,106,106,82.6
2023-05-19 11:00:00,106,106,82.6
2023-05-19 11:20:00,106,106,82.6
2023-05-19 11:40:00,106,106,79.3
2023-05-19 12:00:00,106,106,79.3
2023-05-19 12:20:00,106,106,79.3
2023-05-19 12:40:00,106,106,79.3
2023-05-19 13:00:00,106,106,79.3
2023-05-19 13:20:00,106,106,79.3
2023-05-19 13:40:00,106,106,79.3
2023-05-19 14:00:00,106,106,79.3
2023-05-19 14:20:00,106,106,79.3
2023-05-19 14:40:00,106,106,79.3
2023-05-19 15:00:00,106,106,79.3
2023-05-19 15:20:00,106,106,79.3
2023-05-19 15:40:00,106,106,79.3
2023-05-19 16:00:00,106,106,79.3
2023-05-19 16:20:00,106,106,79.3
2023-05-19 16:40:00,106,106,79.3
2023-05-19 17:00:00,106,106,79.3
2023-05-19 17:20:00,106,106,79.3
2023-05-19 17:40:00,106,106,79.3
2023-05-19 18:00:00,107,107,79.3
2023-05-19 18:20:00,107,106,79.3
2023-05-19 18:40:00,107,101,79.3
2023-05-19 19:00:00,107,101,79.3
2023-05-19 19:20:00,107,101,79.3
2023-05-19 19:40:00,107,101,79.3
2023-05-19 20:00:00,107,101,79.3
2023-05-19 20:20:00,107,101,79.3
2023-05-19 20:40:00,107,101,79.3
2023-05-19 21:00:00,107,101,79.3
2023-05-19 21:20:00,107,101,79.3
2023-05-19 21:40:00,107,101,79.3
2023-05-19 22:00:00,107,101,79.3
2023-05-19 22:20:00,107,101,79.3
2023-05-19 22:40:00,107,101,77.3
2023-05-19 23:00:00,107,101,75.4
2023-05-19 23:20:00,107,101,75.4
2023-05-19 23:40:00,107,101,75.4
2023-05-20 00:00:00,107,101,75.4
2023-05-20 00:20:00,107,101,75.4
2023-05-20 00:40:00,107,101,75.4
2023-05-20 01:00:00,107,101,75.4
2023-05-20 01:20:00,107,101,75.4
2023-05-20 01:40:00,107,101,75.4
2023-05-20 02:00:00,107,101,75.4
2023-05-20 02:20:00,107,101,75.4
2023-05-20 02:40:00,107,101,75.4
2023-05-20 03:00:00,107,101,75.4
2023-05-20 03:20:00,107,101,75.4
2023-05-20 03:40:00,107,101,75.4
2023-05-20 04:00:00,107,101,75.4
2023-05-20 04:20:00,107,101,75.4
2023-05-20 04:40:00,107,101,75.4
2023-05-20 05:00:00,107,101,75.4
2023-05-20 05:20:00,107,101,75.4
2023-05-20 05:40:00,107,101,75.4
2023-05-20 06:00:00,107,101,75.4
2023-05-20 06:20:00,107,101,75.4
2023-05-20 06:40:00,107,101,75.4
2023-05-20 07:00:00,107,101,75.4
2023-05-20 07:20:00,107,101,75.4
2023-05-20 07:40:00,107,101,75.4
2023-05-20 08:00:00,107,101,75.4
2023-05-20 08:20:00,107,101,75.4
2023-05-20 08:40:00,107,101,75.3
2023-05-20 09:00:00,107,101,75.3
2023-05-20 09:20:00,107,101,75.3
2023-05-20 09:40:00,107,101,75.3
2023-05-20 10:00:00,107,101,75.3
2023-05-20 10:20:00,107,101,75.3
2023-05-20 10:40:00,107,101,75.3
2023-05-20 11:00:00,107,101,75.3
2023-05-20 11:20:00,107,101,75.3
2023-05-20 11:40:00,107,101,75.3
2023-05-20 12:00:00,107,101,75.3
2023-05-20 12:20:00,107,99.4,75.3
2023-05-20 12:40:00,102,92.3,75.3
2023-05-20 13:00:00,101,91.4,75.3
2023-05-20 13:20:00,101,91.4,75.3
2023-05-20 13:40:00,105,91.4,75.3
2023-05-20 14:00:00,110,105,75.3
2023-05-20 14:20:00,122,107,84.7
2023-05-20 14:40:00,122,107,107
2023-05-20 15:00:00,122,107,107
2023-05-20 15:20:00,122,107,107
2023-05-20 15:40:00,122,107,79.2
2023-05-20 16:00:00,122,107,79.2
2023-05-20 16:20:00,113,107,79.2
2023-05-20 16:40:00,111,107,77.7
2023-05-20 17:00:00,111,107,75.3
2023-05-20 17:20:00,111,107,75.3
2023-05-20 17:40:00,111,107,75.3
2023-05-20 18:00:00,107,107,75.3
2023-05-20 18:20:00,107,107,75.3
2023-05-20 18:40:00,107,107,75.3
2023-05-20 19:00:00,107,107,75.3
2023-05-20 19:20:00,107,107,75.3
2023-05-20 19:40:00,107,107,75.3
2023-05-20 20:00:00,107,107,75.3
2023-05-20 20:20:00,107,107,75.3
2023-05-20 20:40:00,107,107,75.3
2023-05-20 21:00:00,107,107,75.3
2023-05-20 21:20:00,107,107,75.3
2023-05-20 21:40:00,107,107,75.3
2023-05-20 22:00:00,107,107,75.3
2023-05-20 22:20:00,107,107,75.3
2023-05-20 22:40:00,107,107,75.3
2023-05-20 23:00:00,107,107,75.3
2023-05-20 23:20:00,107,107,75.3
2023-05-20 23:40:00,107,107,75.3
2023-05-21 00:00:00,107,107,75.3
2023-05-21 00:20:00,107,107,75.3
2023-05-21 00:40:00,107,107,75.3
2023-05-21 01:00:00,107,107,75.3
2023-05-21 01:20:00,107,107,75.3
2023-05-21 01:40:00,107,107,75.3
2023-05-21 02:00:00,107,107,75.3
2023-05-21 02:20:00,107,107,75.3
2023-05-21 02:40:00,107,107,75.3
2023-05-21 03:00:00,107,107,75.3
2023-05-21 03:20:00,107,107,75.3
2023-05-21 03:40:00,107,107,75.3
2023-05-21 04:00:00,107,107,75.3
2023-05-21 04:20:00,107,107,75.3
2023-05-21 04:40:00,107,107,75.3
2023-05-21 05:00:00,107,107,75.3
2023-05-21 05:20:00,107,107,75.3
2023-05-21 05:40:00,107,107,75.3
2023-05-21 06:00:00,107,107,68.2
2023-05-21 06:20:00,107,107,68.2
2023-05-21 06:40:00,107,107,68.2
2023-05-21 07:00:00,107,107,68.2
2023-05-21 07:20:00,107,107,68.2
2023-05-21 07:40:00,107,107,68.2
2023-05-21 08:00:00,107,107,68.2
2023-05-21 08:20:00,107,107,68.2
2023-05-21 08:40:00,107,107,68.2
2023-05-21 09:00:00,107,107,64.8
2023-05-21 09:20:00,107,107,58.8
2023-05-21 09:40:00,107,107,34.5
2023-05-21 10:00:00,107,107,34.5
2023-05-21 10:20:00,107,107,34.5
2023-05-21 10:40:00,107,107,34.5
2023-05-21 11:00:00,107,107,34.6
2023-05-21 11:20:00,107,107,34.6
2023-05-21 11:40:00,107,101,34.6
2023-05-21 12:00:00,107,86.9,34.6
2023-05-21 12:20:00,107,86.9,34.6
2023-05-21 12:40:00,107,86.9,35.6
2023-05-21 13:00:00,107,86.9,36.0
2023-05-21 13:20:00,107,86.9,36.0
2023-05-21 13:40:00,107,79.2,36.0
2023-05-21 14:00:00,107,79.2,36.0
2023-05-21 14:20:00,107,79.2,34.8
2023-05-21 14:40:00,107,79.2,34.6
2023-05-21 15:00:00,107,79.2,35.4
2023-05-21 15:20:00,107,79.2,34.6
2023-05-21 15:40:00,107,79.2,34.6
2023-05-21 16:00:00,107,79.2,34.6
2023-05-21 16:20:00,107,79.2,34.6
2023-05-21 16:40:00,107,79.2,34.9
2023-05-21 17:00:00,107,79.2,36.1
2023-05-21 17:20:00,107,73.4,35.0
2023-05-21 17:40:00,107,64.7,34.6
2023-05-21 18:00:00,107,64.7,34.6
2023-05-21 18:20:00,107,64.7,34.6
2023-05-21 18:40:00,107,62.4,34.6
2023-05-21 19:00:00,107,53.3,34.6
2023-05-21 19:20:00,107,53.3,34.6
2023-05-21 19:40:00,107,53.3,34.6
2023-05-21 20:00:00,107,53.3,34.6
2023-05-21 20:20:00,107,53.3,34.6
2023-05-21 20:40:00,107,53.3,34.6
2023-05-21 21:00:00,107,53.3,34.6
2023-05-21 21:20:00,107,51.8,34.6
2023-05-21 21:40:00,107,37.8,34.6
2023-05-21 22:00:00,107,37.8,34.6
2023-05-21 22:20:00,107,37.8,34.6
2023-05-21 22:40:00,107,37.8,34.0
2023-05-21 23:00:00,107,37.7,32.7
2023-05-21 23:20:00,107,37.7,32.7
2023-05-21 23:40:00,107,37.8,32.7
2023-05-22 00:00:00,107,37.7,32.7
2023-05-22 00:20:00,107,37.7,32.7
2023-05-22 00:40:00,107,37.7,32.7
2023-05-22 01:00:00,107,37.8,32.7
2023-05-22 01:20:00,107,37.8,32.7
2023-05-22 01:40:00,107,37.8,32.7
2023-05-22 02:00:00,107,37.8,32.7
2023-05-22 02:20:00,107,37.8,32.7
2023-05-22 02:40:00,107,37.8,32.7
2023-05-22 03:00:00,107,37.7,32.7
2023-05-22 03:20:00,107,37.7,32.7
2023-05-22 03:40:00,107,37.7,32.7
2023-05-22 04:00:00,107,37.8,32.7
2023-05-22 04:20:00,107,37.8,32.7
2023-05-22 04:40:00,107,37.7,32.7
2023-05-22 05:00:00,107,37.7,32.7
2023-05-22 05:20:00,107,37.7,32.7
2023-05-22 05:40:00,107,37.7,32.7
2023-05-22 06:00:00,107,37.7,32.7
2023-05-22 06:20:00,107,37.7,32.7
2023-05-22 06:40:00,107,37.7,32.7
2023-05-22 07:00:00,107,37.0,32.7
2023-05-22 07:20:00,107,36.0,32.7
2023-05-22 07:40:00,100,36.0,32.7
2023-05-22 08:00:00,75.2,36.0,32.7
2023-05-22 08:20:00,56.8,36.0,32.7
2023-05-22 08:40:00,53.4,36.0,32.7
2023-05-22 09:00:00,53.4,36.0,32.7
2023-05-22 09:20:00,53.5,36.0,32.7
2023-05-22 09:40:00,53.5,36.6,32.7
2023-05-22 10:00:00,53.5,47.0,32.7
2023-05-22 10:20:00,53.5,43.8,32.7
2023-05-22 10:40:00,53.6,43.7,37.6
2023-05-22 11:00:00,53.6,43.7,37.6
2023-05-22 11:20:00,52.1,43.7,37.6
2023-05-22 11:40:00,50.6,43.7,37.7
2023-05-22 12:00:00,50.0,43.7,37.7
2023-05-22 12:20:00,48.4,43.7,37.7
2023-05-22 12:40:00,48.4,42.3,37.7
2023-05-22 13:00:00,48.5,41.7,37.7
2023-05-22 13:20:00,48.5,41.7,37.7
2023-05-22 13:40:00,48.5,43.3,37.7
2023-05-22 14:00:00,48.5,43.7,37.7
2023-05-22 14:20:00,48.7,44.4,37.7
2023-05-22 14:40:00,51.3,50.7,37.9
2023-05-22 15:00:00,50.7,50.7,39.7
2023-05-22 15:20:00,50.8,50.8,39.8
2023-05-22 15:40:00,50.8,50.8,38.3
2023-05-22 16:00:00,50.9,50.9,36.1
2023-05-22 16:20:00,50.9,50.9,36.1
2023-05-22 16:40:00,50.9,50.9,36.1
2023-05-22 17:00:00,50.9,50.9,36.1
2023-05-22 17:20:00,50.9,44.5,36.1
2023-05-22 17:40:00,50.9,39.8,36.1
2023-05-22 18:00:00,50.9,39.8,36.1
2023-05-22 18:20:00,53.7,48.2,36.1
2023-05-22 18:40:00,53.7,50.9,37.2
2023-05-22 19:00:00,53.7,50.9,39.8
2023-05-22 19:20:00,53.8,50.9,39.8
2023-05-22 19:40:00,53.8,50.9,39.8
2023-05-22 20:00:00,53.8,50.9,39.8
2023-05-22 20:20:00,53.8,50.9,39.8
2023-05-22 20:40:00,53.8,50.9,39.8
2023-05-22 21:00:00,53.8,50.9,39.9
2023-05-22 21:20:00,53.8,50.9,39.9
2023-05-22 21:40:00,53.8,50.9,39.9
2023-05-22 22:00:00,53.8,50.9,39.9
2023-05-22 22:20:00,53.8,50.9,39.9
2023-05-22 22:40:00,53.8,50.9,39.8
2023-05-22 23:00:00,53.8,50.9,39.8
2023-05-22 23:20:00,53.8,50.9,39.8
2023-05-22 23:40:00,53.8,50.9,39.8
2023-05-23 00:00:00,53.9,50.9,38.4
2023-05-23 00:20:00,53.9,47.9,37.8
2023-05-23 00:40:00,51.4,43.4,37.8
2023-05-23 01:00:00,50.8,41.7,37.8
2023-05-23 01:20:00,50.8,40.2,37.8
2023-05-23 01:40:00,50.8,39.8,37.8
2023-05-23 02:00:00,50.8,39.8,37.8
2023-05-23 02:20:00,50.8,39.8,37.8
2023-05-23 02:40:00,50.8,39.8,37.8
2023-05-23 03:00:00,50.8,39.8,36.1
2023-05-23 03:20:00,50.8,39.8,36.1
2023-05-23 03:40:00,50.8,39.8,36.1
2023-05-23 04:00:00,50.8,39.8,36.1
2023-05-23 04:20:00,50.8,39.8,36.1
2023-05-23 04:40:00,50.8,39.8,36.1
2023-05-23 05:00:00,50.8,39.8,36.1
2023-05-23 05:20:00,50.8,39.8,36.1
2023-05-23 05:40:00,50.8,39.8,36.1
2023-05-23 06:00:00,50.8,39.8,36.1
2023-05-23 06:20:00,50.8,39.8,36.1
2023-05-23 06:40:00,50.8,39.8,36.1
2023-05-23 07:00:00,50.8,39.8,36.1
2023-05-23 07:20:00,50.8,39.8,36.1
2023-05-23 07:40:00,50.9,39.8,36.1
2023-05-23 08:00:00,50.9,39.8,36.1
2023-05-23 08:20:00,50.9,39.8,36.1
2023-05-23 08:40:00,50.9,39.8,36.1
2023-05-23 09:00:00,50.9,39.8,36.1
2023-05-23 09:20:00,50.9,39.8,36.1
2023-05-23 09:40:00,50.9,39.8,36.1
2023-05-23 10:00:00,50.9,39.8,36.1
2023-05-23 10:20:00,50.9,39.8,36.1
2023-05-23 10:40:00,50.9,39.8,36.1
2023-05-23 11:00:00,50.9,39.8,36.1
2023-05-23 11:20:00,50.9,39.8,36.1
2023-05-23 11:40:00,50.9,39.8,36.1
2023-05-23 12:00:00,50.9,39.8,36.1
2023-05-23 12:20:00,50.9,39.8,36.1
2023-05-23 12:40:00,50.9,39.8,36.1
2023-05-23 13:00:00,63.3,47.3,36.1
2023-05-23 13:20:00,75.8,64.7,39.8
2023-05-23 13:40:00,75.8,64.8,39.8
2023-05-23 14:00:00,73.6,64.1,39.8
2023-05-23 14:20:00,71.5,61.6,39.8
2023-05-23 14:40:00,71.6,61.6,39.8
2023-05-23 15:00:00,69.6,62.6,42.5
2023-05-23 15:20:00,64.9,55.9,44.1
2023-05-23 15:40:00,64.9,55.9,41.7
2023-05-23 16:00:00,64.9,56.8,41.7
2023-05-23 16:20:00,64.9,58.3,41.7
2023-05-23 16:40:00,64.9,53.4,41.7
2023-05-23 17:00:00,64.3,56.6,41.7
2023-05-23 17:20:00,58.8,58.8,41.7
2023-05-23 17:40:00,58.9,58.9,41.7
2023-05-23 18:00:00,58.9,58.9,41.7
2023-05-23 18:20:00,58.9,58.9,41.7
2023-05-23 18:40:00,59.1,59.1,41.7
2023-05-23 19:00:00,61.6,61.6,43.0
2023-05-23 19:20:00,61.7,61.7,46.6
2023-05-23 19:40:00,61.7,61.7,48.5
2023-05-23 20:00:00,61.8,61.8,48.5
2023-05-23 20:20:00,61.8,61.8,48.5
2023-05-23 20:40:00,61.8,61.8,48.5
2023-05-23 21:00:00,61.8,61.8,48.5
2023-05-23 21:20:00,63.4,63.4,48.5
2023-05-23 21:40:00,65.0,65.0,48.5
2023-05-23 22:00:00,65.1,65.1,48.6
2023-05-23 22:20:00,65.2,65.2,46.7
2023-05-23 22:40:00,62.5,62.5,45.9
2023-05-23 23:00:00,61.8,61.8,43.0
2023-05-23 23:20:00,61.8,61.0,41.8
2023-05-23 23:40:00,61.8,53.4,41.8
2023-05-24 00:00:00,61.8,53.4,41.8
2023-05-24 00:20:00,61.9,53.4,39.8
2023-05-24 00:40:00,61.9,53.4,39.8
2023-05-24 01:00:00,61.9,53.5,39.8
2023-05-24 01:20:00,61.9,52.0,37.9
2023-05-24 01:40:00,58.6,50.3,37.8
2023-05-24 02:00:00,53.6,50.2,37.8
2023-05-24 02:20:00,53.6,50.2,37.8
2023-05-24 02:40:00,53.6,50.1,37.8
2023-05-24 03:00:00,53.6,49.2,37.8
2023-05-24 03:20:00,53.6,48.6,37.8
2023-05-24 03:40:00,53.6,48.5,37.8
2023-05-24 04:00:00,53.6,48.5,37.8
2023-05-24 04:20:00,53.6,48.5,37.8
2023-05-24 04:40:00,53.6,48.5,37.8
2023-05-24 05:00:00,53.6,48.5,37.8
2023-05-24 05:20:00,53.6,48.5,37.8
2023-05-24 05:40:00,53.6,48.5,37.8
2023-05-24 06:00:00,53.7,48.5,37.8
2023-05-24 06:20:00,53.7,48.5,37.8
2023-05-24 06:40:00,53.7,48.5,37.8
2023-05-24 07:00:00,53.7,48.5,37.8
2023-05-24 07:20:00,53.7,46.4,37.8
2023-05-24 07:40:00,53.7,45.8,37.8
2023-05-24 08:00:00,53.7,45.8,37.8
2023-05-24 08:20:00,53.7,45.8,37.8
2023-05-24 08:40:00,53.7,45.8,37.8
2023-05-24 09:00:00,53.7,45.8,37.8
2023-05-24 09:20:00,53.7,45.8,37.8
2023-05-24 09:40:00,53.7,45.8,37.8
2023-05-24 10:00:00,53.7,45.8,37.8
2023-05-24 10:20:00,53.7,45.8,37.8
2023-05-24 10:40:00,53.7,45.8,37.8
2023-05-24 11:00:00,53.7,45.8,37.8
2023-05-24 11:20:00,53.7,43.7,37.8
2023-05-24 11:40:00,53.7,43.7,37.8
2023-05-24 12:00:00,53.7,43.7,37.8
2023-05-24 12:20:00,53.7,43.7,37.8
2023-05-24 12:40:00,53.7,43.7,37.8
2023-05-24 13:00:00,53.8,47.2,37.8
2023-05-24 13:20:00,53.8,50.6,39.1
2023-05-24 13:40:00,53.8,50.6,39.7
2023-05-24 14:00:00,53.8,50.6,39.7
2023-05-24 14:20:00,53.8,48.7,39.7
2023-05-24 14:40:00,53.8,45.9,39.7
2023-05-24 15:00:00,53.8,53.8,39.7
2023-05-24 15:20:00,53.8,53.8,39.7
2023-05-24 15:40:00,53.8,53.8,39.7
2023-05-24 16:00:00,53.8,53.8,39.7
2023-05-24 16:20:00,54.9,53.8,40.9
2023-05-24 16:40:00,55.9,53.8,44.6
2023-05-24 17:00:00,55.9,53.8,43.4
2023-05-24 17:20:00,55.9,53.8,41.8
2023-05-24 17:40:00,55.9,53.8,43.7
2023-05-24 18:00:00,55.9,53.8,43.8
2023-05-24 18:20:00,55.9,53.8,43.8
2023-05-24 18:40:00,55.9,53.8,43.8
2023-05-24 19:00:00,55.9,53.8,43.8
2023-05-24 19:20:00,55.9,53.7,43.0
2023-05-24 19:40:00,55.9,53.7,41.8
2023-05-24 20:00:00,55.9,53.7,41.8
2023-05-24 20:20:00,55.9,53.7,41.8
2023-05-24 20:40:00,55.5,53.7,41.9
2023-05-24 21:00:00,53.7,53.7,41.9
2023-05-24 21:20:00,53.7,53.7,41.9
2023-05-24 21:40:00,53.7,53.7,39.8
2023-05-24 22:00:00,53.7,53.7,39.8
2023-05-24 22:20:00,53.7,53.7,39.8
2023-05-24 22:40:00,53.7,53.7,39.8
2023-05-24 23:00:00,53.7,53.2,39.8
2023-05-24 23:20:00,53.7,46.3,39.7
2023-05-24 23:40:00,53.7,46.0,37.9
2023-05-25 00:00:00,53.7,46.8,37.9
2023-05-25 00:20:00,53.8,53.8,37.9
2023-05-25 00:40:00,53.7,53.7,37.8
2023-05-25 01:00:00,52.8,47.3,37.8
2023-05-25 01:20:00,50.7,45.9,37.8
2023-05-25 01:40:00,50.7,45.9,37.8
2023-05-25 02:00:00,50.7,45.9,37.8
2023-05-25 02:20:00,51.3,47.4,37.8
2023-05-25 02:40:00,53.7,53.7,37.8
2023-05-25 03:00:00,53.7,53.7,40.0
2023-05-25 03:20:00,53.7,53.7,48.5
2023-05-25 03:40:00,53.7,53.7,48.5
2023-05-25 04:00:00,53.7,53.7,48.5
2023-05-25 04:20:00,55.7,53.7,48.5
2023-05-25 04:40:00,55.9,53.6,48.5
2023-05-25 05:00:00,55.9,53.6,48.5
2023-05-25 05:20:00,55.9,53.6,49.9
2023-05-25 05:40:00,58.0,53.6,50.8
2023-05-25 06:00:00,60.1,56.9,51.9
2023-05-25 06:20:00,61.8,61.8,53.6
2023-05-25 06:40:00,61.8,58.9,53.6
2023-05-25 07:00:00,61.8,58.9,53.6
2023-05-25 07:20:00,61.8,59.2,53.6
2023-05-25 07:40:00,61.8,61.8,53.6
2023-05-25 08:00:00,61.8,60.4,53.6
2023-05-25 08:20:00,60.1,58.9,53.6
2023-05-25 08:40:00,58.9,58.9,53.6
2023-05-25 09:00:00,58.9,58.9,53.6
2023-05-25 09:20:00,58.9,58.9,53.6
2023-05-25 09:40:00,58.9,56.8,53.6
2023-05-25 10:00:00,58.9,55.8,53.6
2023-05-25 10:20:00,58.9,55.4,53.6
2023-05-25 10:40:00,58.9,53.6,53.6
2023-05-25 11:00:00,58.9,53.6,53.6
2023-05-25 11:20:00,59.0,53.6,53.6
2023-05-25 11:40:00,59.0,53.6,53.6
2023-05-25 12:00:00,59.0,53.6,53.3
2023-05-25 12:20:00,59.0,53.6,50.6
2023-05-25 12:40:00,59.1,53.6,50.6
2023-05-25 13:00:00,59.1,53.6,50.6
2023-05-25 13:20:00,59.2,53.6,50.6
2023-05-25 13:40:00,56.5,51.0,50.7
2023-05-25 14:00:00,53.7,50.7,43.3
2023-05-25 14:20:00,53.7,48.7,40.6
2023-05-25 14:40:00,53.7,48.5,39.8
2023-05-25 15:00:00,53.7,48.5,39.8
2023-05-25 15:20:00,58.1,53.9,39.8
2023-05-25 15:40:00,61.9,59.3,39.8
2023-05-25 16:00:00,71.0,63.9,43.3
2023-05-25 16:20:00,82.4,82.4,59.2
2023-05-25 16:40:00,83.8,83.8,60.2
2023-05-25 17:00:00,82.5,82.5,61.7
2023-05-25 17:20:00,82.6,82.6,61.6
2023-05-25 17:40:00,82.6,82.6,61.6
2023-05-25 18:00:00,82.7,82.7,61.6
2023-05-25 18:20:00,82.7,82.7,61.6
2023-05-25 18:40:00,82.7,82.7,61.6
2023-05-25 19:00:00,82.8,82.8,61.6
2023-05-25 19:20:00,82.8,82.8,61.6
2023-05-25 19:40:00,82.8,82.8,61.6
2023-05-25 20:00:00,82.8,82.8,61.6
2023-05-25 20:20:00,82.9,82.9,61.7
2023-05-25 20:40:00,82.9,82.9,61.7
2023-05-25 21:00:00,77.1,77.1,61.7
2023-05-25 21:20:00,75.0,75.0,61.7
2023-05-25 21:40:00,75.0,75.0,61.7
2023-05-25 22:00:00,75.1,75.1,61.7
2023-05-25 22:20:00,75.2,75.2,61.7
2023-05-25 22:40:00,75.3,75.3,61.7
2023-05-25 23:00:00,72.4,72.4,60.0
2023-05-25 23:20:00,71.2,71.2,59.2
2023-05-25 23:40:00,71.3,71.3,59.2
2023-05-26 00:00:00,71.5,70.5,59.2
2023-05-26 00:20:00,71.5,68.2,59.2
2023-05-26 00:40:00,71.6,68.1,59.2
2023-05-26 01:00:00,71.6,68.1,59.2
2023-05-26 01:20:00,74.9,72.5,59.2
2023-05-26 01:40:00,82.6,82.4,59.2
2023-05-26 02:00:00,82.6,82.3,79.5
2023-05-26 02:20:00,82.5,82.5,82.3
2023-05-26 02:40:00,82.5,82.5,82.3
2023-05-26 03:00:00,82.5,82.5,82.3
2023-05-26 03:20:00,82.5,82.5,82.3
2023-05-26 03:40:00,82.5,82.5,82.3
2023-05-26 04:00:00,82.5,82.5,82.3
2023-05-26 04:20:00,82.5,82.5,82.4
2023-05-26 04:40:00,82.5,82.5,82.4
2023-05-26 05:00:00,82.5,82.5,82.4
2023-05-26 05:20:00,82.5,82.5,82.5
2023-05-26 05:40:00,82.5,82.5,82.5
2023-05-26 06:00:00,82.6,82.6,82.5
2023-05-26 06:20:00,82.6,82.6,82.6
2023-05-26 06:40:00,82.6,82.6,82.6
2023-05-26 07:00:00,82.6,82.6,82.6
2023-05-26 07:20:00,82.7,82.7,82.7
2023-05-26 07:40:00,82.7,82.7,82.7
2023-05-26 08:00:00,82.7,82.7,82.7
2023-05-26 08:20:00,82.7,82.7,82.7
2023-05-26 08:40:00,82.8,82.8,82.8
2023-05-26 09:00:00,82.8,82.8,82.8
2023-05-26 09:20:00,82.8,82.8,82.8
2023-05-26 09:40:00,82.8,82.8,82.8
2023-05-26 10:00:00,82.9,82.9,82.9
2023-05-26 10:20:00,82.9,82.9,82.9
2023-05-26 10:40:00,82.9,82.9,82.9
2023-05-26 11:00:00,82.9,82.9,82.9
2023-05-26 11:20:00,82.9,82.9,82.9
2023-05-26 11:40:00,82.9,82.9,82.9
2023-05-26 12:00:00,82.9,82.9,82.9
2023-05-26 12:20:00,82.9,82.9,82.9
2023-05-26 12:40:00,83.0,83.0,83.0
2023-05-26 13:00:00,83.0,83.0,82.3
2023-05-26 13:20:00,83.0,83.0,79.5
2023-05-26 13:40:00,83.0,83.0,79.5
2023-05-26 14:00:00,83.1,83.1,79.5
2023-05-26 14:20:00,83.1,83.1,67.6
2023-05-26 14:40:00,83.1,83.1,63.1
2023-05-26 15:00:00,83.1,83.1,59.0
2023-05-26 15:20:00,83.2,83.0,59.0
2023-05-26 15:40:00,83.2,82.9,59.0
2023-05-26 16:00:00,83.2,82.9,59.0
2023-05-26 16:20:00,82.9,82.9,59.1
2023-05-26 16:40:00,82.9,82.9,59.1
2023-05-26 17:00:00,82.9,82.9,59.1
2023-05-26 17:20:00,82.9,82.9,59.1
2023-05-26 17:40:00,82.9,82.9,59.1
2023-05-26 18:00:00,82.9,82.9,59.1
2023-05-26 18:20:00,83.0,83.0,59.1
2023-05-26 18:40:00,83.0,83.0,59.1
2023-05-26 19:00:00,83.0,83.0,59.1
2023-05-26 19:20:00,83.1,83.0,59.1
2023-05-26 19:40:00,83.4,76.0,59.1
2023-05-26 20:00:00,83.1,71.4,57.4
2023-05-26 20:20:00,83.0,71.4,53.6
2023-05-26 20:40:00,83.0,71.4,53.6
2023-05-26 21:00:00,83.2,80.5,53.6
2023-05-26 21:20:00,83.0,75.2,53.6
2023-05-26 21:40:00,83.0,71.4,53.6
2023-05-26 22:00:00,83.0,71.4,53.6
2023-05-26 22:20:00,83.0,70.1,53.6
2023-05-26 22:40:00,83.1,65.0,53.6
2023-05-26 23:00:00,83.1,65.0,53.6
2023-05-26 23:20:00,83.1,61.7,53.6
2023-05-26 23:40:00,83.1,61.7,53.6
2023-05-27 00:00:00,83.1,61.7,53.6
2023-05-27 00:20:00,83.1,61.7,53.6
2023-05-27 00:40:00,83.1,61.7,53.6
2023-05-27 01:00:00,83.1,61.7,53.6
2023-05-27 01:20:00,83.1,61.7,53.6
2023-05-27 01:40:00,83.1,61.7,53.6
2023-05-27 02:00:00,83.1,61.7,51.6
2023-05-27 02:20:00,83.1,61.7,50.7
2023-05-27 02:40:00,83.1,61.7,50.7
2023-05-27 03:00:00,83.1,61.2,50.7
2023-05-27 03:20:00,83.1,59.1,50.7
2023-05-27 03:40:00,83.1,59.1,50.7
2023-05-27 04:00:00,83.1,59.1,50.7
2023-05-27 04:20:00,83.1,59.1,49.2
2023-05-27 04:40:00,83.1,59.1,45.8
2023-05-27 05:00:00,83.1,59.1,45.8
2023-05-27 05:20:00,83.1,59.1,45.8
2023-05-27 05:40:00,83.1,59.1,45.8
2023-05-27 06:00:00,83.1,59.1,45.8
2023-05-27 06:20:00,83.1,59.1,45.8
2023-05-27 06:40:00,83.1,59.1,45.9
2023-05-27 07:00:00,83.1,59.1,45.9
2023-05-27 07:20:00,83.1,59.1,45.9
2023-05-27 07:40:00,83.1,59.1,45.9
2023-05-27 08:00:00,83.1,59.1,45.9
2023-05-27 08:20:00,83.1,59.1,45.9
2023-05-27 08:40:00,83.1,59.1,45.9
2023-05-27 09:00:00,83.1,59.1,45.9
2023-05-27 09:20:00,83.1,59.1,45.9
2023-05-27 09:40:00,83.1,59.1,45.9
2023-05-27 10:00:00,83.2,59.1,45.9
2023-05-27 10:20:00,83.2,59.1,45.9
2023-05-27 10:40:00,83.2,59.1,45.9
2023-05-27 11:00:00,83.2,59.1,45.9
2023-05-27 11:20:00,83.2,59.1,45.9
2023-05-27 11:40:00,83.2,59.1,44.2
2023-05-27 12:00:00,83.2,59.1,43.7
2023-05-27 12:20:00,83.2,59.1,43.7
2023-05-27 12:40:00,83.2,59.1,43.7
2023-05-27 13:00:00,83.2,59.1,43.7
2023-05-27 13:20:00,83.2,59.0,43.7
2023-05-27 13:40:00,83.2,59.0,43.7
2023-05-27 14:00:00,83.2,59.0,43.7
2023-05-27 14:20:00,83.2,59.0,43.7
2023-05-27 14:40:00,83.2,59.0,41.7
2023-05-27 15:00:00,83.2,59.0,39.7
2023-05-27 15:20:00,83.2,59.0,39.7
2023-05-27 15:40:00,83.2,59.0,39.7
2023-05-27 16:00:00,82.0,59.0,39.5
2023-05-27 16:20:00,69.4,59.0,37.8
2023-05-27 16:40:00,68.1,59.0,37.8
2023-05-27 17:00:00,68.1,59.0,37.8
2023-05-27 17:20:00,65.5,59.0,37.8
2023-05-27 17:40:00,61.7,53.6,37.8
2023-05-27 18:00:00,61.7,50.7,37.8
2023-05-27 18:20:00,61.7,50.7,37.8
2023-05-27 18:40:00,61.7,50.7,37.8
2023-05-27 19:00:00,61.7,48.8,37.8
2023-05-27 19:20:00,61.7,45.8,37.8
2023-05-27 19:40:00,61.7,45.8,37.8
2023-05-27 20:00:00,61.7,44.8,37.8
2023-05-27 20:20:00,61.7,43.8,37.8
2023-05-27 20:40:00,61.7,43.8,37.8
2023-05-27 21:00:00,61.7,43.8,37.8
2023-05-27 21:20:00,61.7,43.8,36.4
2023-05-27 21:40:00,61.7,43.8,36.1
2023-05-27 22:00:00,61.7,43.8,36.1
2023-05-27 22:20:00,61.7,43.8,36.1
2023-05-27 22:40:00,61.7,43.8,36.1
2023-05-27 23:00:00,61.7,43.6,36.1
2023-05-27 23:20:00,61.7,41.8,36.1
2023-05-27 23:40:00,61.7,41.8,36.1
2023-05-28 00:00:00,61.7,41.8,36.1
2023-05-28 00:20:00,61.7,41.8,36.1
2023-05-28 00:40:00,61.7,41.8,36.1
2023-05-28 01:00:00,61.7,41.8,36.1
2023-05-28 01:20:00,61.7,41.8,36.1
2023-05-28 01:40:00,61.7,41.8,36.1
2023-05-28 02:00:00,61.7,41.8,36.1
2023-05-28 02:20:00,61.7,41.8,34.7
2023-05-28 02:40:00,61.7,41.8,32.7
2023-05-28 03:00:00,61.7,41.8,32.7
2023-05-28 03:20:00,61.7,41.8,32.7
2023-05-28 03:40:00,59.1,41.8,32.7
2023-05-28 04:00:00,59.1,41.8,32.7
2023-05-28 04:20:00,59.1,41.8,32.7
2023-05-28 04:40:00,59.1,39.4,32.7
2023-05-28 05:00:00,59.1,37.7,32.7
2023-05-28 05:20:00,59.1,37.7,32.7
2023-05-28 05:40:00,59.1,37.6,32.7
2023-05-28 06:00:00,59.1,36.1,32.7
2023-05-28 06:20:00,59.1,36.1,32.7
2023-05-28 06:40:00,59.1,36.1,32.7
2023-05-28 07:00:00,59.1,36.1,32.7
2023-05-28 07:20:00,59.1,36.1,32.7
2023-05-28 07:40:00,59.1,36.1,32.7
2023-05-28 08:00:00,59.1,36.1,32.7
2023-05-28 08:20:00,59.1,36.1,32.7
2023-05-28 08:40:00,59.1,36.2,32.7
2023-05-28 09:00:00,59.1,35.1,32.7
2023-05-28 09:20:00,59.1,32.7,32.7
2023-05-28 09:40:00,59.1,32.7,32.7
2023-05-28 10:00:00,59.1,32.7,32.7
2023-05-28 10:20:00,50.7,32.7,32.7
2023-05-28 10:40:00,50.7,32.7,32.7
2023-05-28 11:00:00,48.0,32.7,32.7
2023-05-28 11:20:00,41.8,32.7,32.7
2023-05-28 11:40:00,41.8,32.7,32.7
2023-05-28 12:00:00,41.8,32.7,32.7
2023-05-28 12:20:00,41.8,32.7,32.7
2023-05-28 12:40:00,41.8,32.7,32.7
2023-05-28 13:00:00,41.8,32.7,32.7
2023-05-28 13:20:00,41.8,32.7,32.7
2023-05-28 13:40:00,41.8,32.7,32.7
2023-05-28 14:00:00,41.2,32.7,32.7
2023-05-28 14:20:00,39.8,32.8,32.7
2023-05-28 14:40:00,37.7,36.1,32.7
2023-05-28 15:00:00,37.7,35.4,32.7
2023-05-28 15:20:00,37.7,32.8,32.7
2023-05-28 15:40:00,37.7,33.6,32.7
2023-05-28 16:00:00,37.7,35.0,32.7
2023-05-28 16:20:00,37.7,36.1,32.7
2023-05-28 16:40:00,38.3,36.1,32.7
2023-05-28 17:00:00,39.8,36.1,32.7
2023-05-28 17:20:00,40.4,37.2,32.7
2023-05-28 17:40:00,46.1,41.3,33.4
2023-05-28 18:00:00,55.9,48.5,40.0
2023-05-28 18:20:00,56.5,50.4,39.8
2023-05-28 18:40:00,59.0,59.0,39.8
2023-05-28 19:00:00,56.2,56.2,39.8
2023-05-28 19:20:00,54.0,54.0,39.8
2023-05-28 19:40:00,52.3,52.2,41.3
2023-05-28 20:00:00,50.6,50.5,46.0
2023-05-28 20:20:00,50.6,50.5,43.8
2023-05-28 20:40:00,50.6,50.5,43.8
2023-05-28 21:00:00,50.6,50.5,43.8
2023-05-28 21:20:00,50.6,50.5,43.0
2023-05-28 21:40:00,50.6,50.6,41.4
2023-05-28 22:00:00,50.6,50.6,39.8
2023-05-28 22:20:00,50.6,50.6,39.8
2023-05-28 22:40:00,50.6,49.5,39.8
2023-05-28 23:00:00,50.6,48.5,39.8
2023-05-28 23:20:00,50.7,48.5,39.8
2023-05-28 23:40:00,50.7,48.5,39.8
2023-05-29 00:00:00,50.7,48.4,39.8
2023-05-29 00:20:00,50.7,48.4,39.8
2023-05-29 00:40:00,50.7,48.4,39.8
2023-05-29 01:00:00,50.7,47.4,39.8
2023-05-29 01:20:00,50.6,45.4,39.8
2023-05-29 01:40:00,50.6,43.8,39.8
2023-05-29 02:00:00,50.6,43.8,39.8
2023-05-29 02:20:00,50.6,43.8,39.8
2023-05-29 02:40:00,50.7,42.6,39.8
2023-05-29 03:00:00,50.7,41.8,39.8
2023-05-29 03:20:00,50.7,41.8,37.6
2023-05-29 03:40:00,50.7,41.8,37.6
2023-05-29 04:00:00,49.5,41.8,37.6
2023-05-29 04:20:00,48.4,41.8,37.6
2023-05-29 04:40:00,48.4,41.8,37.6
2023-05-29 05:00:00,48.4,41.8,37.7
2023-05-29 05:20:00,48.4,41.8,37.7
2023-05-29 05:40:00,48.4,41.8,37.7
2023-05-29 06:00:00,48.5,41.8,37.7
2023-05-29 06:20:00,48.5,41.8,37.6
2023-05-29 06:40:00,48.5,41.8,37.6
2023-05-29 07:00:00,48.5,41.8,37.7
2023-05-29 07:20:00,48.5,40.4,37.7
2023-05-29 07:40:00,48.5,39.8,37.2
2023-05-29 08:00:00,48.5,39.8,36.1
2023-05-29 08:20:00,48.0,39.8,36.1
2023-05-29 08:40:00,45.8,39.8,36.1
2023-05-29 09:00:00,45.8,39.8,36.1
2023-05-29 09:20:00,45.8,39.8,36.1
2023-05-29 09:40:00,45.8,39.8,36.1
2023-05-29 10:00:00,45.9,39.8,36.1
2023-05-29 10:20:00,45.9,39.8,35.4
2023-05-29 10:40:00,45.9,39.8,32.7
2023-05-29 11:00:00,45.9,39.8,32.7
2023-05-29 11:20:00,45.9,39.8,32.7
2023-05-29 11:40:00,45.9,39.8,32.7
2023-05-29 12:00:00,45.9,39.8,32.7
2023-05-29 12:20:00,45.9,37.2,32.7
2023-05-29 12:40:00,45.9,36.4,32.7
2023-05-29 13:00:00,45.9,36.2,32.7
2023-05-29 13:20:00,45.9,36.2,32.7
2023-05-29 13:40:00,45.9,36.6,32.7
2023-05-29 14:00:00,47.4,38.5,32.7
2023-05-29 14:20:00,48.5,39.3,32.7
2023-05-29 14:40:00,48.5,38.9,32.7
2023-05-29 15:00:00,46.5,43.8,32.7
2023-05-29 15:20:00,45.9,43.8,32.7
2023-05-29 15:40:00,48.6,48.6,32.7
2023-05-29 16:00:00,49.6,49.6,37.5
2023-05-29 16:20:00,50.7,50.7,48.6
2023-05-29 16:40:00,50.3,50.3,48.6
2023-05-29 17:00:00,48.6,48.6,48.6
2023-05-29 17:20:00,50.5,50.5,48.6
2023-05-29 17:40:00,54.0,51.5,48.6
2023-05-29 18:00:00,59.9,52.1,44.6
2023-05-29 18:20:00,54.0,50.7,41.6
2023-05-29 18:40:00,53.5,50.7,39.8
2023-05-29 19:00:00,53.6,50.7,37.7
2023-05-29 19:20:00,53.6,49.6,37.8
2023-05-29 19:40:00,53.7,48.6,36.3
2023-05-29 20:00:00,53.7,48.6,36.1
2023-05-29 20:20:00,53.7,48.6,36.1
2023-05-29 20:40:00,53.7,48.6,36.1
2023-05-29 21:00:00,55.1,50.4,36.1
2023-05-29 21:20:00,56.2,50.7,36.1
2023-05-29 21:40:00,56.3,50.7,36.1
2023-05-29 22:00:00,56.4,50.7,36.1
2023-05-29 22:20:00,55.6,51.6,36.1
2023-05-29 22:40:00,54.0,54.0,36.1
2023-05-29 23:00:00,56.4,56.4,42.7
2023-05-29 23:20:00,56.4,56.4,48.5
2023-05-29 23:40:00,54.8,54.8,48.5
2023-05-30 00:00:00,53.7,53.7,48.5
2023-05-30 00:20:00,53.7,53.7,43.8
2023-05-30 00:40:00,53.7,53.7,43.8
2023-05-30 01:00:00,54.5,54.5,43.2
2023-05-30 01:20:00,56.4,56.4,41.7
2023-05-30 01:40:00,56.4,56.4,41.8
2023-05-30 02:00:00,56.5,56.5,40.8
2023-05-30 02:20:00,56.4,56.4,39.8
2023-05-30 02:40:00,56.4,56.4,39.8
2023-05-30 03:00:00,56.4,56.4,41.4
2023-05-30 03:20:00,56.4,56.4,41.8
2023-05-30 03:40:00,56.4,56.4,41.8
2023-05-30 04:00:00,56.4,56.4,41.8
2023-05-30 04:20:00,59.9,59.9,41.8
2023-05-30 04:40:00,61.4,61.4,43.6
2023-05-30 05:00:00,61.4,61.4,50.7
2023-05-30 05:20:00,61.4,61.4,50.7
2023-05-30 05:40:00,61.5,61.5,50.7
2023-05-30 06:00:00,61.5,61.5,50.6
2023-05-30 06:20:00,61.5,61.5,50.6
2023-05-30 06:40:00,61.5,61.5,50.6
2023-05-30 07:00:00,61.6,61.6,50.6
2023-05-30 07:20:00,61.6,61.6,50.7
2023-05-30 07:40:00,61.6,61.6,50.7
2023-05-30 08:00:00,61.7,61.7,50.7
2023-05-30 08:20:00,61.7,61.7,49.8
2023-05-30 08:40:00,61.7,60.0,39.9
2023-05-30 09:00:00,61.7,59.6,34.5
2023-05-30 09:20:00,61.8,51.6,34.5
2023-05-30 09:40:00,61.8,50.7,34.5
2023-05-30 10:00:00,61.8,50.7,34.5
2023-05-30 10:20:00,61.8,50.8,34.5
2023-05-30 10:40:00,61.8,50.8,34.5
2023-05-30 11:00:00,61.8,50.7,34.5
2023-05-30 11:20:00,61.8,50.7,34.5
2023-05-30 11:40:00,61.8,50.7,34.5
2023-05-30 12:00:00,61.9,50.7,34.5
2023-05-30 12:20:00,56.1,48.4,34.5
2023-05-30 12:40:00,52.9,48.4,34.5
2023-05-30 13:00:00,50.8,48.4,34.5
2023-05-30 13:20:00,50.8,48.4,34.5
2023-05-30 13:40:00,50.8,48.4,34.5
2023-05-30 14:00:00,50.7,48.4,34.6
2023-05-30 14:20:00,50.7,48.4,34.6
2023-05-30 14:40:00,50.8,48.9,34.6
2023-05-30 15:00:00,50.9,50.9,34.6
2023-05-30 15:20:00,50.9,50.9,36.2
2023-05-30 15:40:00,50.9,50.9,41.8
2023-05-30 16:00:00,50.9,50.9,41.8
2023-05-30 16:20:00,50.9,50.9,41.8
2023-05-30 16:40:00,50.9,50.9,41.8
2023-05-30 17:00:00,56.7,53.4,42.2
2023-05-30 17:20:00,59.0,53.9,45.2
2023-05-30 17:40:00,56.2,53.4,46.0
2023-05-30 18:00:00,56.2,53.4,46.0
2023-05-30 18:20:00,59.0,59.0,46.0
2023-05-30 18:40:00,59.2,59.2,46.0
2023-05-30 19:00:00,68.8,60.7,47.5
2023-05-30 19:20:00,81.4,72.0,48.5
2023-05-30 19:40:00,95.7,95.7,48.7
2023-05-30 20:00:00,95.8,94.5,67.3
2023-05-30 20:20:00,95.9,82.4,65.0
2023-05-30 20:40:00,95.9,82.4,65.0
2023-05-30 21:00:00,95.9,82.5,65.0
2023-05-30 21:20:00,95.9,82.5,62.0
2023-05-30 21:40:00,95.9,82.5,61.7
2023-05-30 22:00:00,95.9,82.5,61.7
2023-05-30 22:20:00,95.9,82.5,61.7
2023-05-30 22:40:00,95.9,82.5,61.7
2023-05-30 23:00:00,95.9,82.5,61.7
2023-05-30 23:20:00,93.2,82.6,61.7
2023-05-30 23:40:00,84.6,82.6,61.7
2023-05-31 00:00:00,82.6,82.6,61.7
2023-05-31 00:20:00,82.7,77.5,61.7
2023-05-31 00:40:00,82.8,75.2,61.7
2023-05-31 01:00:00,82.8,75.2,61.8
2023-05-31 01:20:00,82.9,75.2,61.8
2023-05-31 01:40:00,82.9,75.1,61.8
2023-05-31 02:00:00,82.9,75.1,60.8
2023-05-31 02:20:00,83.0,75.1,59.2
2023-05-31 02:40:00,82.9,75.1,59.2
2023-05-31 03:00:00,82.9,75.1,59.2
2023-05-31 03:20:00,82.9,75.1,59.2
2023-05-31 03:40:00,82.2,72.5,59.2
2023-05-31 04:00:00,79.1,71.4,59.3
2023-05-31 04:20:00,76.3,64.7,59.3
2023-05-31 04:40:00,75.1,61.8,59.3
2023-05-31 05:00:00,75.2,61.8,59.3
2023-05-31 05:20:00,75.2,61.8,59.3
2023-05-31 05:40:00,75.3,61.9,59.3
2023-05-31 06:00:00,72.3,61.9,51.5
2023-05-31 06:20:00,64.9,61.8,37.7
2023-05-31 06:40:00,62.2,61.8,36.8
2023-05-31 07:00:00,61.9,61.9,36.1
2023-05-31 07:20:00,61.9,61.9,35.6
2023-05-31 07:40:00,61.9,56.8,34.6
2023-05-31 08:00:00,61.9,53.5,34.6
2023-05-31 08:20:00,61.9,52.1,34.6
2023-05-31 08:40:00,61.8,50.7,34.6
2023-05-31 09:00:00,61.8,50.7,34.6
2023-05-31 09:20:00,61.8,50.7,34.6
2023-05-31 09:40:00,61.8,50.7,34.6
2023-05-31 10:00:00,61.8,50.7,34.6
2023-05-31 10:20:00,61.8,50.7,34.6
2023-05-31 10:40:00,61.8,50.7,34.6
2023-05-31 11:00:00,61.8,50.7,34.6
2023-05-31 11:20:00,61.8,50.7,34.6
2023-05-31 11:40:00,61.8,50.7,34.6
2023-05-31 12:00:00,61.8,50.7,34.6
2023-05-31 12:20:00,61.8,50.7,34.6
2023-05-31 12:40:00,61.8,50.7,34.6
2023-05-31 13:00:00,61.8,50.7,34.6
2023-05-31 13:20:00,61.8,50.7,34.6
2023-05-31 13:40:00,61.8,50.7,34.6
2023-05-31 14:00:00,61.8,50.7,34.6
2023-05-31 14:20:00,61.8,50.7,34.6
2023-05-31 14:40:00,61.8,50.7,40.1
2023-05-31 15:00:00,61.8,50.7,43.8
2023-05-31 15:20:00,61.8,50.7,43.8
2023-05-31 15:40:00,61.9,50.8,43.8
2023-05-31 16:00:00,61.9,50.8,43.8
2023-05-31 16:20:00,61.9,50.8,43.8
2023-05-31 16:40:00,61.9,50.7,43.8
2023-05-31 17:00:00,61.9,50.8,45.5
2023-05-31 17:20:00,61.9,50.7,45.9
2023-05-31 17:40:00,61.9,50.7,44.7
2023-05-31 18:00:00,61.9,50.7,43.9
2023-05-31 18:20:00,61.9,50.7,43.9
2023-05-31 18:40:00,61.9,50.7,43.9
2023-05-31 19:00:00,61.9,50.7,43.9
2023-05-31 19:20:00,61.9,50.7,43.9
2023-05-31 19:40:00,61.9,50.7,43.9
2023-05-31 20:00:00,61.9,58.0,43.9
2023-05-31 20:20:00,61.9,58.9,43.9
2023-05-31 20:40:00,62.0,58.9,43.9
2023-05-31 21:00:00,62.0,60.8,45.1
2023-05-31 21:20:00,62.0,59.4,47.9
2023-05-31 21:40:00,62.0,58.7,48.4
2023-05-31 22:00:00,62.0,58.7,48.4
2023-05-31 22:20:00,62.0,60.7,49.8
2023-05-31 22:40:00,62.0,62.0,50.8
2023-05-31 23:00:00,62.0,62.0,50.8
2023-05-31 23:20:00,62.0,62.0,53.2
2023-05-31 23:40:00,62.0,62.0,53.4

