id,amount,fees,target_feerate,real_feerate,algo,num_inputs,negative_ev,num_outputs,change_amount,before_num_utxos,after_num_utxos,waste
0,0.00010000,0.00011159,0.00001139,0.0000113902214964,knapsack,1,0,226,0.00050055,0,225,707
1,0.00010000,0.00000326,0.00001476,0.0000293693693694,bnb,1,0,1,,225,224,246
2,0.00200000,0.00000666,0.00001929,0.0000195307917889,bnb,5,0,1,,224,219,561
3,0.00050000,0.00000507,0.00002645,0.0000456756756757,bnb,1,0,1,,219,218,364
4,0.00010000,0.00000388,0.00001495,0.0000349549549550,bnb,1,0,1,,218,217,307
5,0.00050000,0.00000359,0.00001567,0.0000158849557522,bnb,3,0,1,,217,214,274
6,0.00010000,0.00000912,0.00006764,0.0000821621621622,bnb,1,0,1,,214,213,546
7,0.00050000,0.00000631,0.00002742,0.0000279203539823,bnb,3,0,1,,213,210,482
8,0.00050000,0.00001541,0.00007933,0.000138828828829,bnb,1,0,1,,210,209,1112
9,0.00050000,0.00001423,0.00006232,0.0000629646017699,bnb,3,0,1,,209,206,1086
10,0.00010000,0.00001425,0.00006222,0.000128378378378,bnb,1,0,1,,206,205,1089
11,0.00050000,0.00000638,0.00002788,0.0000282300884956,bnb,3,0,1,,205,202,487
12,0.01000000,0.00003474,0.00002926,0.0000292917369309,cg,1,0,26,0.00835023,202,201,876
13,0.00010000,0.00000572,0.00001991,0.0000515315315315,bnb,1,0,1,,201,201,464
14,0.00050000,0.00000645,0.00004646,0.0000581081081081,bnb,1,0,1,,201,200,394
15,0.00010000,0.00001456,0.00009401,0.000131171171171,bnb,1,0,1,,200,199,948
16,0.00010000,0.00001481,0.00007884,0.000133423423423,bnb,1,0,1,,199,198,1055
17,0.00010000,0.00001496,0.00006785,0.000134774774775,bnb,1,0,1,,198,197,1129
18,0.00050000,0.00000921,0.00004025,0.0000407522123894,bnb,3,0,1,,197,194,703
19,0.00010000,0.00000661,0.00002205,0.0000595495495495,bnb,1,0,1,,194,193,541
20,0.00010000,0.00000233,0.00001499,0.0000151298701299,knapsack,1,0,2,0.00050507,193,192,732
21,0.00010000,0.00000715,0.00004611,0.0000464285714286,knapsack,1,0,2,0.00050172,192,191,1047
22,0.00010000,0.00001570,0.00006753,0.000141441441441,bnb,1,0,1,,191,190,1205
23,0.00050000,0.00001669,0.00010060,0.000150360360360,bnb,1,0,1,,190,189,1125
24,0.00010000,0.00001731,0.00010498,0.000155945945946,bnb,1,0,1,,189,188,1164
25,0.00010000,0.00001813,0.00010539,0.000163333333333,bnb,1,0,1,,188,187,1243
26,0.00050000,0.00000547,0.00002392,0.0000242035398230,bnb,3,0,1,,187,184,417
27,0.00010000,0.00001000,0.00006448,0.0000649350649351,knapsack,1,0,2,0.00050769,184,183,1232
28,0.00200000,0.00010255,0.00010103,0.000101134122288,cg,1,0,22,0.00293081,183,182,1601
29,0.00010000,0.00001249,0.00008057,0.0000811038961039,knapsack,1,0,2,0.00050549,182,181,1395
30,0.00010000,0.00002053,0.00010471,0.000184954954955,bnb,1,0,1,,181,180,1487
31,0.00050000,0.00002361,0.00008310,0.0000834275618375,cg,1,0,5,0.00090538,180,179,1420
32,0.00200000,0.00003990,0.00008749,0.0000876923076923,cg,1,0,9,0.00261079,179,178,1465
33,0.00010000,0.00007481,0.00003422,0.0000342223238792,knapsack,1,0,49,0.00050189,178,177,961
34,0.00050000,0.00003439,0.00001573,0.0000157319304666,knapsack,1,0,49,0.00059213,177,225,755
35,0.00200000,0.00000943,0.00002736,0.0000276539589443,bnb,5,0,1,,225,220,795
36,0.00050000,0.00000484,0.00002119,0.0000214159292035,bnb,3,0,1,,220,217,369
37,0.00050000,0.00000461,0.00001993,0.0000203982300885,bnb,3,0,1,,217,214,353
38,0.00010000,0.00001365,0.00006764,0.000122972972973,bnb,1,0,1,,214,213,999
39,0.00010000,0.00000603,0.00005342,0.0000543243243243,bnb,1,0,1,,213,212,314
40,0.00050000,0.00000511,0.00002215,0.0000226106194690,bnb,3,0,1,,212,209,391
41,0.00050000,0.00001364,0.00005971,0.0000603539823009,bnb,3,0,1,,209,206,1041
42,0.00010000,0.00002010,0.00015817,0.000181081081081,bnb,1,0,1,,206,205,1155
43,0.00010000,0.00002356,0.00020127,0.000212252252252,bnb,1,0,1,,205,204,1269
44,0.00010000,0.00002209,0.00013044,0.000199009009009,bnb,1,0,1,,204,203,1504
45,0.00010000,0.00002221,0.00013783,0.000200090090090,bnb,1,0,1,,203,202,1476
46,0.00010000,0.00002359,0.00017079,0.000212522522523,bnb,1,0,1,,202,201,1436
47,0.00010000,0.00002454,0.00012831,0.000221081081081,bnb,1,0,1,,201,200,1761
48,0.00010000,0.00001780,0.00011481,0.000115584415584,knapsack,1,0,2,0.00050433,200,199,1740
49,0.00010000,0.00002523,0.00017907,0.000227297297297,bnb,1,0,1,,199,198,1556
50,0.00050000,0.00002615,0.00022791,0.000235585585586,bnb,1,0,1,,198,197,1384
51,0.00010000,0.00002909,0.00024160,0.000262072072072,bnb,1,0,1,,197,196,1604
52,0.00010000,0.00003315,0.00027934,0.000298648648649,bnb,1,0,1,,196,195,1806
53,0.00050000,0.00003255,0.00025222,0.000293243243243,bnb,1,0,1,,195,194,1893
54,0.00010000,0.00002657,0.00020389,0.000239369369369,bnb,1,0,1,,194,193,1555
55,0.00010000,0.00003066,0.00018122,0.000276216216216,bnb,1,0,1,,193,192,2087
56,0.00010000,0.00003075,0.00025260,0.000277027027027,bnb,1,0,1,,192,191,1710
57,0.00050000,0.00003319,0.00019006,0.000299009009009,bnb,1,0,1,,191,190,2292
58,0.00050000,0.00004850,0.00014830,0.000148773006135,cg,1,0,6,0.00061087,190,189,2079
59,0.00050000,0.00004075,0.00016908,0.000169791666667,cg,1,0,4,0.00094913,189,188,2289
60,0.00010000,0.00003322,0.00018578,0.000299279279279,bnb,1,0,1,,188,187,2318
61,0.00010000,0.00002606,0.00016808,0.000169220779221,knapsack,1,0,2,0.00050506,187,186,2278
62,0.00010000,0.00002563,0.00016531,0.000166428571429,knapsack,1,0,2,0.00050732,186,185,2250
63,0.00050000,0.00004736,0.00016675,0.000167349823322,cg,1,0,5,0.00086641,185,184,2266
64,0.00010000,0.00003431,0.00022774,0.000309099099099,bnb,1,0,1,,184,183,2201
65,0.00010000,0.00003463,0.00025488,0.000311981981982,bnb,1,0,1,,183,182,2086
66,0.00010000,0.00003521,0.00024158,0.000317207207207,bnb,1,0,1,,182,181,2216
67,0.00010000,0.00002959,0.00019090,0.000192142857143,knapsack,1,0,2,0.00050545,181,180,2509
68,0.00010000,0.00001930,0.00012449,0.000125324675325,knapsack,1,0,2,0.00050625,180,179,1839
69,0.00200000,0.00012468,0.00012827,0.000128403707518,cg,1,0,21,0.00317977,179,178,1876
70,0.00010000,0.00002565,0.00016547,0.000166558441558,knapsack,1,0,2,0.00051154,178,177,2252
71,0.00010000,0.00003574,0.00020258,0.000321981981982,bnb,1,0,1,,177,176,2480
72,0.00050000,0.00007315,0.00022367,0.000224386503067,cg,1,0,6,0.00073495,176,175,2840
73,0.00010000,0.00002864,0.00018471,0.000185974025974,knapsack,1,0,2,0.00050874,175,174,2447
74,0.00010000,0.00001925,0.00012415,0.000125000,cg,1,0,2,0.00053783,174,173,1835
75,0.00050000,0.00001326,0.00005794,0.0000586725663717,bnb,3,0,1,,173,170,1013
76,0.00010000,0.00000565,0.00003221,0.0000509009009009,bnb,1,0,1,,170,169,391
77,0.00010000,0.00000843,0.00005433,0.0000547402597403,knapsack,1,0,2,0.00050109,169,168,1130
78,0.00050000,0.00002204,0.00011128,0.000111878172589,cg,1,0,3,0.00091568,168,167,1705
79,0.00200000,0.00018667,0.00021068,0.000210926553672,cg,1,0,19,0.00116546,167,166,2708
80,0.00050000,0.00027665,0.00010115,0.000101188734455,knapsack,1,0,62,0.00089579,166,165,1602
81,0.00010000,0.00012505,0.00004628,0.0000462805329386,knapsack,1,0,61,0.00050260,165,225,1095
82,0.00010000,0.00000324,0.00002268,0.0000291891891892,bnb,1,0,1,,225,224,201
83,0.00010000,0.00000792,0.00004712,0.0000713513513514,bnb,1,0,1,,224,223,537
84,0.00050000,0.00004500,0.00015844,0.000159010600707,cg,1,0,5,0.00075939,223,222,2181
85,0.00010000,0.00003520,0.00030512,0.000317117117117,bnb,1,0,1,,222,221,1872
86,0.00010000,0.00003626,0.00031108,0.000326666666667,bnb,1,0,1,,221,220,1946
87,0.00050000,0.00004065,0.00035080,0.000366216216216,bnb,1,0,1,,220,219,2170
88,0.00010000,0.00004496,0.00039072,0.000405045045045,bnb,1,0,1,,219,218,2386
89,0.00010000,0.00003992,0.00035509,0.000359639639640,bnb,1,0,1,,218,217,2074
90,0.00010000,0.00004765,0.00039528,0.000429279279279,bnb,1,0,1,,217,216,2630
91,0.00200000,0.00035972,0.00061489,0.000615958904110,cg,1,0,12,0.00368062,216,215,6792
92,0.00010000,0.00009033,0.00080301,0.000813783783784,bnb,1,0,1,,215,214,4696
93,0.00010000,0.00011181,0.00099370,0.00100729729730,bnb,1,0,1,,214,213,5815
94,0.00010000,0.00010533,0.00094015,0.000948918918919,bnb,1,0,1,,213,212,5456
95,0.00010000,0.00010379,0.00092398,0.000935045045045,bnb,1,0,1,,212,211,5389
96,0.00010000,0.00010953,0.00097336,0.000986756756757,bnb,1,0,1,,211,210,5696
97,0.00010000,0.00010819,0.00096578,0.000974684684685,bnb,1,0,1,,210,209,5603
98,0.00050000,0.00010451,0.00092693,0.000941531531532,bnb,1,0,1,,209,208,5445
99,0.00010000,0.00010574,0.00094109,0.000952612612613,bnb,1,0,1,,208,207,5492
100,0.00010000,0.00009376,0.00083513,0.000844684684685,bnb,1,0,1,,207,206,4866
101,0.00010000,0.00010238,0.00090717,0.000922342342342,bnb,1,0,1,,206,205,5339
102,0.00200000,0.00007988,0.00051533,0.000518701298701,cg,1,0,2,0.00997171,205,204,5785
103,0.00010000,0.00030991,0.00029292,0.000293197729423,knapsack,1,0,23,0.00051270,204,203,3539
104,0.00010000,0.00035799,0.00033519,0.000335196629213,knapsack,1,0,23,0.00051458,203,225,4302
105,0.00050000,0.00004628,0.00039329,0.000416936936937,bnb,1,0,1,,225,224,2504
106,0.00010000,0.00005682,0.00050508,0.000511891891892,bnb,1,0,1,,224,223,2954
107,0.00050000,0.00005759,0.00050722,0.000518828828829,bnb,1,0,1,,223,222,3020
108,0.00010000,0.00006199,0.00054847,0.000558468468468,bnb,1,0,1,,222,221,3237
109,0.00010000,0.00005633,0.00050031,0.000507477477477,bnb,1,0,1,,221,220,2931
110,0.00050000,0.00006166,0.00050953,0.000555495495495,bnb,1,0,1,,220,219,3414
111,0.01000000,0.00006487,0.00045050,0.000584414414414,bnb,1,0,1,,219,218,4054
112,0.00200000,0.00009890,0.00063805,0.000642207792208,cg,1,0,2,0.01092859,218,217,7025
113,0.00010000,0.00046328,0.00092840,0.000930281124498,knapsack,1,0,10,0.00054001,217,216,9958
114,0.00050000,0.00045374,0.00089143,0.000891434184676,knapsack,1,0,10,0.00059487,216,225,10476
115,0.00010000,0.00007198,0.00063572,0.000648468468468,bnb,1,0,1,,225,224,3765
116,0.00010000,0.00005023,0.00042300,0.000452522522523,bnb,1,0,1,,224,223,2738
117,0.00010000,0.00004106,0.00036592,0.000369909909910,bnb,1,0,1,,223,247,2130
118,0.00010000,0.00004127,0.00035674,0.000371801801802,bnb,1,0,1,,247,246,2200
119,0.00010000,0.00005315,0.00046759,0.000478828828829,bnb,1,0,1,,246,245,2790
120,0.00010000,0.00005057,0.00043977,0.000455585585586,bnb,1,0,1,,245,244,2682
121,0.00010000,0.00005128,0.00039534,0.000461981981982,bnb,1,0,1,,244,243,2993
122,0.00010000,0.00005354,0.00046623,0.000482342342342,bnb,1,0,1,,243,242,2836
123,0.00010000,0.00005811,0.00051652,0.000523513513514,bnb,1,0,1,,242,241,3021
124,0.00050000,0.00004753,0.00042419,0.000428198198198,bnb,1,0,1,,241,241,2462
125,0.00010000,0.00005362,0.00045274,0.000483063063063,bnb,1,0,1,,241,241,2917
126,0.00200000,0.00008556,0.00055196,0.000555584415584,cg,1,0,2,0.00626467,241,240,5942
127,0.00010000,0.00008643,0.00077048,0.000778648648649,bnb,1,0,1,,240,239,4482
128,0.00010000,0.00008529,0.00075775,0.000768378378378,bnb,1,0,1,,239,238,4437
129,0.00010000,0.00010304,0.00091432,0.000928288288288,bnb,1,0,1,,238,237,5366
130,0.00050000,0.00012373,0.00103088,0.00111468468468,bnb,1,0,1,,237,236,6806
131,0.00010000,0.00010436,0.00092846,0.000940180180180,bnb,1,0,1,,236,236,5422
132,0.00010000,0.00008811,0.00078387,0.000793783783784,bnb,1,0,1,,236,256,4578
133,0.00010000,0.00008875,0.00078774,0.000799549549550,bnb,1,0,1,,256,256,4621
134,0.00010000,0.00012957,0.00115449,0.00116729729730,bnb,1,0,1,,256,255,6722
135,0.00010000,0.00022008,0.00141982,0.00142909090909,cg,1,0,2,0.00169460,255,258,14921
136,0.00050000,0.00016129,0.00143381,0.00145306306306,bnb,1,0,1,,258,265,8386
137,0.00010000,0.00014351,0.00128029,0.00129288288288,bnb,1,0,1,,265,312,7437
138,0.00050000,0.00015158,0.00118175,0.00136558558559,bnb,1,0,1,,312,311,8776
139,0.00050000,0.00015299,0.00120933,0.00137828828829,bnb,1,0,1,,311,310,8768
140,0.00050000,0.00015502,0.00134631,0.00139657657658,bnb,1,0,1,,310,309,8231
141,0.00010000,0.00013364,0.00119259,0.00120396396396,bnb,1,0,1,,309,308,6924
142,0.00050000,0.00015613,0.00119400,0.00140657657658,bnb,1,0,1,,308,307,9165
143,0.00010000,0.00014582,0.00127829,0.00131369369369,bnb,1,0,1,,307,306,7679
144,0.00010000,0.00014736,0.00130697,0.00132756756757,bnb,1,0,1,,306,305,7678
145,0.00010000,0.00014155,0.00125366,0.00127522522523,bnb,1,0,1,,305,304,7385
146,0.00050000,0.00015994,0.00106066,0.00144090090090,bnb,1,0,1,,304,303,10266
147,0.00010000,0.00013452,0.00119330,0.00121189189189,bnb,1,0,1,,303,302,7008
148,0.00010000,0.00014752,0.00131454,0.00132900900901,bnb,1,0,1,,302,301,7653
149,0.00050000,0.00016309,0.00117697,0.00146927927928,bnb,1,0,1,,301,300,9953
150,0.00050000,0.00019738,0.00175753,0.00177819819820,bnb,1,0,1,,300,299,10247
151,0.00050000,0.00021359,0.00190664,0.00192423423423,bnb,1,0,1,,299,299,11063
152,0.00050000,0.00020900,0.00181687,0.00188288288288,bnb,1,0,1,,299,298,11088
153,0.00010000,0.00027846,0.00179649,0.00180818181818,cg,1,0,2,0.00052692,298,297,18490
154,0.00200000,0.00021428,0.00185870,0.00193045045045,bnb,1,0,1,,297,296,11391
155,0.00010000,0.00026027,0.00167911,0.00169006493506,cg,1,0,2,0.00176566,296,295,17305
156,0.00010000,0.00009695,0.00086536,0.000873423423423,bnb,1,0,1,,295,294,5022
157,0.00010000,0.00007426,0.00066242,0.000669009009009,bnb,1,0,1,,294,293,3848
158,0.00010000,0.00007038,0.00062486,0.000634054054054,bnb,1,0,1,,293,292,3663
159,0.00050000,0.00007005,0.00062446,0.000631081081081,bnb,1,0,1,,292,291,3632
160,0.00010000,0.00007055,0.00062441,0.000635585585586,bnb,1,0,1,,291,290,3683
161,0.00010000,0.00007567,0.00067459,0.000681711711712,bnb,1,0,1,,290,294,3924
162,0.00010000,0.00008179,0.00072957,0.000736846846847,bnb,1,0,1,,294,296,4239
163,0.00010000,0.00007081,0.00062661,0.000637927927928,bnb,1,0,1,,296,295,3697
164,0.00010000,0.00007899,0.00069991,0.000711621621622,bnb,1,0,1,,295,295,4119
165,0.00010000,0.00007211,0.00063514,0.000649639639640,bnb,1,0,1,,295,295,3781
166,0.00010000,0.00006396,0.00056251,0.000576216216216,bnb,1,0,1,,295,298,3358
167,0.00010000,0.00008486,0.00075686,0.000764504504505,bnb,1,0,1,,298,297,4398
168,0.00050000,0.00009487,0.00083812,0.000854684684685,bnb,1,0,1,,297,296,4961
169,0.00010000,0.00008645,0.00076993,0.000778828828829,bnb,1,0,1,,296,295,4487
170,0.00010000,0.00008277,0.00073363,0.000745675675676,bnb,1,0,1,,295,295,4315
171,0.00010000,0.00010511,0.00093607,0.000946936936937,bnb,1,0,1,,295,295,5456
172,0.00010000,0.00010343,0.00091159,0.000931801801802,bnb,1,0,1,,295,314,5420
173,0.00010000,0.00010427,0.00091462,0.000939369369369,bnb,1,0,1,,314,314,5488
174,0.01000000,0.00015878,0.00080189,0.000805989847716,cg,1,0,3,0.00873130,314,313,8301
175,0.00010000,0.00008439,0.00074893,0.000760270270270,bnb,1,0,1,,313,317,4394
176,0.00010000,0.00011709,0.00104512,0.00105486486486,bnb,1,0,1,,317,317,6065
177,0.00050000,0.00013165,0.00116732,0.00118603603604,bnb,1,0,1,,317,317,6861
178,0.00010000,0.00014812,0.00131373,0.00133441441441,bnb,1,0,1,,317,316,7717
179,0.00010000,0.00014251,0.00124710,0.00128387387387,bnb,1,0,1,,316,315,7516
180,0.00010000,0.00014285,0.00123051,0.00128693693694,bnb,1,0,1,,315,315,7640
181,0.00010000,0.00009716,0.00085520,0.000875315315315,bnb,1,0,1,,315,316,5097
182,0.00010000,0.00008551,0.00075631,0.000770360360360,bnb,1,0,1,,316,333,4466
183,0.00050000,0.00007171,0.00062571,0.000646036036036,bnb,1,0,1,,333,393,3792
184,0.00010000,0.00007232,0.00063053,0.000651531531532,bnb,1,0,1,,393,392,3827
185,0.00010000,0.00006987,0.00062329,0.000629459459459,bnb,1,0,1,,392,391,3621
186,0.00010000,0.00007009,0.00062337,0.000631441441441,bnb,1,0,1,,391,394,3642
187,0.01000000,0.00008973,0.00057884,0.000582662337662,cg,1,0,2,0.39789953,394,393,6192
188,0.00050000,0.00005124,0.00041511,0.000461621621622,bnb,1,0,1,,393,392,2882
189,0.00010000,0.00004800,0.00042388,0.000432432432432,bnb,1,0,1,,392,391,2511
190,0.00050000,0.00006188,0.00055216,0.000557477477477,bnb,1,0,1,,391,390,3206
191,0.00050000,0.00006572,0.00058569,0.000592072072072,bnb,1,0,1,,390,389,3409
192,0.00050000,0.00006556,0.00056303,0.000590630630631,bnb,1,0,1,,389,388,3515
193,0.00010000,0.00005489,0.00048905,0.000494504504505,bnb,1,0,1,,388,398,2848
194,0.00010000,0.00004338,0.00038091,0.000390810810811,bnb,1,0,1,,398,397,2281
195,0.00050000,0.00006291,0.00042058,0.000566756756757,bnb,1,0,1,,397,396,4019
196,0.00010000,0.00004878,0.00043413,0.000439459459459,bnb,1,0,1,,396,395,2533
197,0.00200000,0.00006448,0.00041597,0.000418701298701,cg,1,0,2,0.00376575,395,394,4782
198,0.00050000,0.00006708,0.00045521,0.000604324324324,bnb,1,0,1,,394,393,4249
199,0.01000000,0.00008485,0.00054736,0.000550974025974,cg,1,0,2,0.45056998,393,392,6109
200,0.00050000,0.00006855,0.00051883,0.000617567567568,bnb,1,0,1,,392,391,4053
201,0.00010000,0.00005454,0.00048640,0.000491351351351,bnb,1,0,1,,391,390,2827
202,0.00010000,0.00005141,0.00044510,0.000463153153153,bnb,1,0,1,,390,389,2737
203,0.00010000,0.00004917,0.00041337,0.000442972972973,bnb,1,0,1,,389,388,2684
204,0.00050000,0.00006380,0.00041160,0.000414285714286,cg,1,0,2,0.00145744,388,388,4738
205,0.00200000,0.00006154,0.00039702,0.000399610389610,cg,1,0,2,0.00791017,388,409,4591
206,0.00050000,0.00004488,0.00037957,0.000404324324324,bnb,1,0,1,,409,408,2438
207,0.00050000,0.00004095,0.00036295,0.000368918918919,bnb,1,0,1,,408,407,2135
208,0.00010000,0.00003734,0.00032549,0.000336396396396,bnb,1,0,1,,407,406,1976
209,0.00010000,0.00003491,0.00029904,0.000314504504505,bnb,1,0,1,,406,405,1876
210,0.00200000,0.00004625,0.00029836,0.000300324675325,cg,1,0,2,0.00881007,405,404,3282
211,0.00010000,0.00003749,0.00032736,0.000337747747748,bnb,1,0,1,,404,403,1981
212,0.00050000,0.00003783,0.00032733,0.000340810810811,bnb,1,0,1,,403,402,2015
213,0.00010000,0.00003760,0.00032730,0.000338738738739,bnb,1,0,1,,402,402,1992
214,0.00010000,0.00003924,0.00032493,0.000353513513514,bnb,1,0,1,,402,410,2169
215,0.00050000,0.00003387,0.00024019,0.000305135135135,bnb,1,0,1,,410,409,2089
216,0.00010000,0.00003972,0.00035409,0.000357837837838,bnb,1,0,1,,409,408,2059
217,0.00010000,0.00007266,0.00063632,0.000654594594595,bnb,1,0,1,,408,407,3829
218,0.00010000,0.00006646,0.00059120,0.000598738738739,bnb,1,0,1,,407,406,3453
219,0.00050000,0.00007177,0.00048939,0.000646576576577,bnb,1,0,1,,406,405,4534
220,0.00010000,0.00003203,0.00028404,0.000288558558559,bnb,1,0,1,,405,404,1669
221,0.00050000,0.00002564,0.00016539,0.000166493506494,cg,1,0,2,0.01040295,404,403,2016
222,0.00010000,0.00005885,0.00051585,0.000530180180180,bnb,1,0,1,,403,402,3099
223,0.00050000,0.00006636,0.00042810,0.000430909090909,cg,1,0,2,0.00146266,402,401,4738
224,0.00050000,0.00006540,0.00042192,0.000424675324675,cg,1,0,2,0.00151175,401,400,4640
225,0.00010000,0.00004375,0.00037381,0.000394144144144,bnb,1,0,1,,400,399,2356
226,0.00010000,0.00003963,0.00034981,0.000357027027027,bnb,1,0,1,,399,399,2074
227,0.00050000,0.00004001,0.00030319,0.000360450450450,bnb,1,0,1,,399,398,2363
228,0.00050000,0.00002655,0.00019153,0.000239189189189,bnb,1,0,1,,398,397,1620
229,0.00050000,0.00003512,0.00022654,0.000228051948052,cg,1,0,2,0.00572955,397,396,2770
230,0.00050000,0.00004210,0.00028141,0.000379279279279,bnb,1,0,1,,396,395,2690
231,0.00200000,0.00004952,0.00031948,0.000321558441558,cg,1,0,2,0.00945681,395,394,3807
232,0.00010000,0.00003298,0.00027762,0.000297117117117,bnb,1,0,1,,394,393,1798
233,0.00010000,0.00002468,0.00021837,0.000222342342342,bnb,1,0,1,,393,392,1288
234,0.00200000,0.00001562,0.00010071,0.000101428571429,cg,1,0,2,0.00959330,392,391,1599
235,0.00200000,0.00001706,0.00011003,0.000110779220779,cg,1,0,2,0.01026370,391,391,1693
236,0.00010000,0.00002108,0.00018105,0.000189909909910,bnb,1,0,1,,391,390,1130
237,0.00010000,0.00001976,0.00016048,0.000178018018018,bnb,1,0,1,,390,389,1109
238,0.00010000,0.00001999,0.00016091,0.000180090090090,bnb,1,0,1,,389,388,1130
239,0.00200000,0.00003187,0.00018036,0.000188579881657,bnb,2,0,1,,388,386,2213
240,0.00010000,0.00001683,0.00014973,0.000151621621622,bnb,1,0,1,,386,385,874
241,0.00050000,0.00001154,0.00009499,0.000103963963964,bnb,1,0,1,,385,384,641
242,0.00010000,0.00000732,0.00006028,0.0000659459459459,bnb,1,0,1,,384,383,406
243,0.00050000,0.00002055,0.00013256,0.000133441558442,cg,1,0,2,0.00117405,383,382,1920
244,0.00010000,0.00002304,0.00020259,0.000207567567568,bnb,1,0,1,,382,381,1210
245,0.00010000,0.00002257,0.00019878,0.000203333333333,bnb,1,0,1,,381,380,1183
246,0.00200000,0.00003131,0.00020195,0.000203311688312,cg,1,0,2,0.01064538,380,379,2621
247,0.00200000,0.00003152,0.00020332,0.000204675324675,cg,1,0,2,0.01093839,379,378,2635
248,0.00010000,0.00000854,0.00006901,0.0000769369369369,bnb,1,0,1,,378,377,481
249,0.00010000,0.00000902,0.00006991,0.0000812612612613,bnb,1,0,1,,377,376,524
250,0.00010000,0.00002143,0.00016145,0.000193063063063,bnb,1,0,1,,376,375,1271
251,0.00010000,0.00002146,0.00017901,0.000193333333333,bnb,1,0,1,,375,374,1179
252,0.00010000,0.00002152,0.00017784,0.000193873873874,bnb,1,0,1,,374,373,1191
253,0.00010000,0.00000971,0.00008410,0.0000874774774775,bnb,1,0,1,,373,373,516
254,0.00050000,0.00000874,0.00007447,0.0000787387387387,bnb,1,0,1,,373,372,471
255,0.00200000,0.00000648,0.00002716,0.0000286725663717,bnb,3,0,1,,372,370,501
256,0.00050000,0.00000732,0.00006322,0.0000659459459459,bnb,1,0,1,,370,369,390
257,0.00050000,0.00001270,0.00009865,0.000114414414414,bnb,1,0,1,,369,368,737
258,0.00200000,0.00002427,0.00015655,0.000157597402597,cg,1,0,2,0.01119029,368,367,1926
259,0.00010000,0.00001754,0.00015104,0.000158018018018,bnb,1,0,1,,367,366,938
260,0.00010000,0.00002198,0.00018540,0.000198018018018,bnb,1,0,1,,366,365,1196
261,0.00010000,0.00002391,0.00016411,0.000215405405405,bnb,1,0,1,,365,364,1504
262,0.00010000,0.00000233,0.00002000,0.0000209909909910,bnb,1,0,1,,364,363,125
263,0.00010000,0.00001291,0.00011355,0.000116306306306,bnb,1,0,1,,363,362,677
264,0.00050000,0.00002692,0.00016903,0.000242522522523,bnb,1,0,1,,362,361,1779
265,0.00010000,0.00002402,0.00015897,0.000216396396396,bnb,1,0,1,,361,360,1543
266,0.00010000,0.00002560,0.00017493,0.000230630630631,bnb,1,0,1,,360,359,1615
267,0.00010000,0.00001674,0.00014448,0.000150810810811,bnb,1,0,1,,359,358,893
268,0.00010000,0.00002619,0.00018279,0.000235945945946,bnb,1,0,1,,358,357,1631
269,0.00010000,0.00001541,0.00013419,0.000138828828829,bnb,1,0,1,,357,356,816
270,0.00010000,0.00002682,0.00019106,0.000241621621622,bnb,1,0,1,,356,355,1650
271,0.00010000,0.00004102,0.00034339,0.000369549549550,bnb,1,0,1,,355,354,2247
272,0.00010000,0.00002723,0.00019151,0.000245315315315,bnb,1,0,1,,354,353,1688
273,0.00010000,0.00002770,0.00018809,0.000249549549550,bnb,1,0,1,,353,352,1754
274,0.00010000,0.00002600,0.00016768,0.000168831168831,cg,1,0,2,0.00163966,352,353,2275
275,0.00010000,0.00000372,0.00002420,0.0000335135135135,bnb,1,0,1,,353,352,241
276,0.00010000,0.00000197,0.00001572,0.0000177477477477,bnb,1,0,1,,352,351,112
277,0.00010000,0.00000505,0.00003086,0.0000454954954955,bnb,1,0,1,,351,350,338
278,0.00010000,0.00000558,0.00004741,0.0000502702702703,bnb,1,0,1,,350,349,301
279,0.00010000,0.00001404,0.00010909,0.000126486486486,bnb,1,0,1,,349,348,814
280,0.00010000,0.00002848,0.00017158,0.000256576576577,bnb,1,0,1,,348,347,1921
281,0.00010000,0.00000987,0.00007323,0.0000889189189189,bnb,1,0,1,,347,346,591
282,0.00050000,0.00000625,0.00005115,0.0000563063063063,bnb,1,0,1,,346,345,348
283,0.00200000,0.00000335,0.00001163,0.0000117957746479,bnb,4,0,1,,345,341,272
284,0.00050000,0.00000769,0.00006346,0.0000692792792793,bnb,1,0,1,,341,340,426
285,0.00050000,0.00001413,0.00010316,0.000127297297297,bnb,1,0,1,,340,339,855
286,0.00050000,0.00001458,0.00010291,0.000131351351351,bnb,1,0,1,,339,338,902
287,0.00010000,0.00001607,0.00011895,0.000144774774775,bnb,1,0,1,,338,338,964
288,0.00200000,0.00002219,0.00014311,0.000144090909091,cg,1,0,2,0.39587734,338,337,2027
289,0.00010000,0.00001017,0.00007261,0.0000916216216216,bnb,1,0,1,,337,336,624
290,0.00010000,0.00000201,0.00001638,0.0000181081081081,bnb,1,0,1,,336,335,112
291,0.00010000,0.00000162,0.00001042,0.0000105194805195,cg,1,0,2,0.00055373,335,334,686
292,0.00010000,0.00000527,0.00003210,0.0000474774774775,bnb,1,0,1,,334,333,353
293,0.00010000,0.00001072,0.00006372,0.0000965765765766,bnb,1,0,1,,333,332,727
294,0.00050000,0.00001592,0.00009354,0.0000942011834320,bnb,2,0,1,,332,330,1086
295,0.00010000,0.00002938,0.00018952,0.000190779220779,knapsack,1,0,2,0.00051639,330,329,2259
296,0.00050000,0.00005182,0.00030366,0.000306627218935,bnb,2,0,1,,329,327,3542
297,0.00050000,0.00005162,0.00030249,0.000305443786982,bnb,2,0,1,,327,326,3528
298,0.00010000,0.00003371,0.00021747,0.000218896103896,cg,1,0,2,0.00363204,326,325,2778
299,0.00200000,0.00003641,0.00023485,0.000236428571429,cg,1,0,2,0.00164421,325,325,2953
300,0.00010000,0.00003505,0.00024062,0.000315765765766,bnb,1,0,1,,325,324,2205
301,0.00050000,0.00003672,0.00023689,0.000238441558442,cg,1,0,2,0.45003326,324,323,2973
302,0.00010000,0.00003566,0.00027828,0.000321261261261,bnb,1,0,1,,323,322,2063
303,0.00050000,0.00004348,0.00025464,0.000257278106509,bnb,2,0,1,,322,320,2972
304,0.00050000,0.00003174,0.00020476,0.000206103896104,cg,1,0,2,0.00158541,320,320,2413
305,0.00010000,0.00003021,0.00019484,0.000196168831169,cg,1,0,2,0.00132723,320,320,2313
306,0.00010000,0.00004362,0.00028137,0.000283246753247,cg,1,0,2,0.00776655,320,319,3208
307,0.00050000,0.00004458,0.00026183,0.000263786982249,bnb,2,0,1,,319,317,3044
308,0.00010000,0.00004408,0.00026937,0.000397117117117,bnb,1,0,1,,317,316,2953
309,0.00010000,0.00004559,0.00030140,0.000410720720721,bnb,1,0,1,,316,315,2931
310,0.00010000,0.00004566,0.00026975,0.000411351351351,bnb,1,0,1,,315,315,3109
311,0.00050000,0.00002875,0.00018542,0.000186688311688,cg,1,0,2,0.00828132,315,314,2454
312,0.00200000,0.00000912,0.00005882,0.0000592207792208,cg,1,0,2,0.00672218,314,313,1175
313,0.00010000,0.00001095,0.00008369,0.0000986486486486,bnb,1,0,1,,313,312,643
314,0.00010000,0.00003200,0.00020642,0.000207792207792,cg,1,0,2,0.29420794,312,311,2666
315,0.00010000,0.00002823,0.00018212,0.000183311688312,knapsack,1,0,2,0.00053315,311,310,2421
316,0.00010000,0.00001772,0.00015024,0.000159639639640,bnb,1,0,1,,310,309,960
317,0.00050000,0.00001149,0.00006139,0.0000679881656805,bnb,2,0,1,,309,307,817
318,0.00200000,0.00000726,0.00004678,0.0000471428571429,cg,1,0,2,0.01145388,307,306,1054
319,0.00010000,0.00001097,0.00006649,0.0000988288288288,bnb,1,0,1,,306,305,737
320,0.00010000,0.00002603,0.00016792,0.000169025974026,knapsack,1,0,2,0.00053729,305,304,2277
321,0.00010000,0.00002135,0.00013774,0.000138636363636,knapsack,1,0,2,0.00054339,304,304,1972
322,0.00010000,0.00002276,0.00014680,0.000147792207792,cg,1,0,2,0.01028019,304,303,2064
323,0.00010000,0.00002906,0.00018742,0.000188701298701,knapsack,1,0,2,0.00053575,303,303,2474
324,0.00010000,0.00001995,0.00012868,0.000129545454545,cg,1,0,2,0.00134271,303,303,1881
325,0.00050000,0.00001098,0.00007082,0.0000712987012987,cg,1,0,2,0.00100077,303,302,1082
326,0.00010000,0.00002074,0.00013378,0.000134675324675,knapsack,1,0,2,0.00054786,302,301,1932
327,0.00010000,0.00004587,0.00027451,0.000413243243243,bnb,1,0,1,,301,300,3104
328,0.00010000,0.00003563,0.00022984,0.000231363636364,knapsack,1,0,2,0.00053440,300,299,2903
329,0.00050000,0.00003019,0.00019472,0.000196038961039,cg,1,0,2,0.00162892,299,299,2548
330,0.00010000,0.00003096,0.00019969,0.000201038961039,cg,1,0,2,0.00559859,299,298,2598
331,0.00010000,0.00003895,0.00025126,0.000252922077922,knapsack,1,0,2,0.00053670,298,298,2883
332,0.00010000,0.00003586,0.00023130,0.000232857142857,cg,1,0,2,0.00932095,298,297,2917
333,0.00010000,0.00001588,0.00010241,0.000103116883117,knapsack,1,0,2,0.00050038,297,296,1615
334,0.00050000,0.00001483,0.00009562,0.0000962987012987,cg,1,0,2,0.00164897,296,296,1547
335,0.00010000,0.00000625,0.00005459,0.0000563063063063,bnb,1,0,1,,296,296,330
336,0.00010000,0.00000496,0.00003196,0.0000322077922078,cg,1,0,2,0.00948834,296,295,904
337,0.00010000,0.00001113,0.00007281,0.000100270270270,bnb,1,0,1,,295,294,719
338,0.00200000,0.00001451,0.00009360,0.0000942207792208,cg,1,0,2,0.00824919,294,293,1526
339,0.00010000,0.00000243,0.00001852,0.0000218918918919,bnb,1,0,1,,293,292,142
340,0.00010000,0.00000590,0.00003803,0.0000383116883117,knapsack,1,0,2,0.00050070,292,291,965
341,0.00050000,0.00001503,0.00009695,0.0000975974025974,cg,1,0,2,0.00165629,291,290,1560
342,0.00050000,0.00001810,0.00011671,0.000117532467532,cg,1,0,2,0.00165457,290,289,1759
343,0.00010000,0.00002002,0.00012915,0.00013000,knapsack,1,0,2,0.00055582,289,289,1886
344,0.00050000,0.00001979,0.00012765,0.000128506493506,cg,1,0,2,0.00065426,289,288,1870
345,0.00050000,0.00000545,0.00004744,0.0000490990990991,bnb,1,0,1,,288,287,288
346,0.00050000,0.00000506,0.00004432,0.0000455855855856,bnb,1,0,1,,287,287,266
347,0.00010000,0.00001227,0.00007913,0.0000796753246753,knapsack,1,0,2,0.00050041,287,287,1380
348,0.00010000,0.00001138,0.00007336,0.0000738961038961,knapsack,1,0,2,0.00050207,287,286,1322
349,0.00010000,0.00002265,0.00014609,0.000147077922078,cg,1,0,2,0.00055827,286,285,2057
350,0.00010000,0.00002544,0.00016412,0.000165194805195,cg,1,0,2,0.00055577,285,284,2238
351,0.00010000,0.00002271,0.00014649,0.000147467532468,cg,1,0,2,0.00056049,284,283,2060
352,0.00010000,0.00000973,0.00006275,0.0000631818181818,knapsack,1,0,2,0.00050010,283,282,1214
353,0.00010000,0.00000303,0.00001952,0.0000196753246753,knapsack,1,0,2,0.00050592,282,281,778
354,0.00050000,0.00000433,0.00003105,0.0000390090090090,bnb,1,0,1,,281,280,265
355,0.00010000,0.00000690,0.00004446,0.0000448051948052,knapsack,1,0,2,0.00050397,280,279,1030
356,0.00010000,0.00000450,0.00002902,0.0000292207792208,knapsack,1,0,2,0.00051507,279,278,874
357,0.00010000,0.00000314,0.00002020,0.0000203896103896,cg,1,0,2,0.00058101,278,277,785
358,0.00010000,0.00000287,0.00001851,0.0000186363636364,cg,1,0,2,0.00058236,277,277,768
359,0.00050000,0.00000164,0.00001308,0.0000147747747748,bnb,1,0,1,,277,276,93
360,0.01000000,0.00000155,0.00001000,0.0000100649350649,srd,1,0,2,0.00093684,276,275,681
361,0.00010000,0.00000305,0.00001966,0.0000198051948052,cg,1,0,2,0.00058741,275,274,780
362,0.00010000,0.00000599,0.00003861,0.0000388961038961,cg,1,0,2,0.00058571,274,273,971
363,0.00050000,0.00000507,0.00003963,0.0000456756756757,bnb,1,0,1,,273,272,292
364,0.00050000,0.00000260,0.00002226,0.0000234234234234,bnb,1,0,1,,272,271,139
365,0.00050000,0.00000334,0.00002522,0.0000300900900901,bnb,1,0,1,,271,270,197
366,0.00010000,0.00000268,0.00001723,0.0000174025974026,cg,1,0,2,0.00059093,270,269,755
367,0.00010000,0.00000156,0.00001003,0.0000101298701299,cg,1,0,2,0.00059992,269,268,683
368,0.00050000,0.00001309,0.00005603,0.0000579203539823,bnb,3,0,1,,268,265,1006
369,0.00010000,0.00001062,0.00006851,0.0000689610389610,cg,1,0,2,0.00059148,265,264,1273
370,0.00010000,0.00001879,0.00012119,0.000122012987013,cg,1,0,2,0.00058401,264,263,1805
371,0.00010000,0.00003055,0.00019706,0.000198376623377,cg,1,0,2,0.00057506,263,262,2571
372,0.00050000,0.00003433,0.00017336,0.000174263959391,cg,1,0,3,0.00073335,262,261,2332
373,0.00010000,0.00001360,0.00008770,0.0000883116883117,cg,1,0,2,0.00059558,261,260,1467
374,0.00050000,0.00000282,0.00001770,0.0000254054054054,bnb,1,0,1,,260,260,186
375,0.00050000,0.00000549,0.00004400,0.0000494594594595,bnb,1,0,1,,260,259,311
376,0.00010000,0.00002540,0.00012826,0.000128934010152,cg,1,0,3,0.00050553,259,258,1876
377,0.00010000,0.00004627,0.00016289,0.000163498233216,knapsack,1,0,5,0.00050703,258,257,2226
378,0.00010000,0.00003828,0.00013476,0.000135265017668,knapsack,1,0,5,0.00050582,257,256,1942
379,0.00050000,0.00002010,0.00008340,0.00008375000,knapsack,1,0,4,0.00076180,256,255,1423
380,0.00050000,0.00003083,0.00010853,0.000108939929329,knapsack,1,0,5,0.00084458,255,254,1677
381,0.00010000,0.00007300,0.00010224,0.000102384291725,cg,1,0,15,0.00050446,254,253,1327
382,0.00010000,0.00005240,0.00006921,0.0000693121693122,cg,1,0,16,0.00050304,253,252,1280
383,0.00010000,0.00001638,0.00007724,0.0000772641509434,cg,2,0,2,0.00058657,252,250,1523
384,0.00050000,0.00003384,0.00012532,0.000125799256506,cg,3,0,2,0.00087627,250,247,3014
385,0.00200000,0.00004970,0.00004514,0.0000451818181818,knapsack,1,0,24,0.00194157,247,246,751
386,0.00050000,0.00004011,0.00003643,0.0000364636363636,knapsack,1,0,24,0.00086577,246,245,663
387,0.00010000,0.00002196,0.00002075,0.0000207757805109,knapsack,1,0,23,0.00050108,245,244,538
388,0.00200000,0.00002507,0.00002256,0.0000225652565257,knapsack,1,0,24,0.00148821,244,267,579
389,0.00010000,0.00001050,0.00006772,0.0000681818181818,knapsack,1,0,2,0.00050652,267,267,1012
390,0.00010000,0.00001924,0.00012407,0.000124935064935,knapsack,1,0,2,0.00051634,267,266,1834
391,0.00010000,0.00001381,0.00008907,0.0000896753246753,knapsack,1,0,2,0.00054121,266,265,1481
392,0.00010000,0.00001540,0.00009935,0.00010000,cg,1,0,2,0.00056022,265,265,1206
393,0.00010000,0.00001928,0.00012437,0.000125194805195,knapsack,1,0,2,0.00055690,265,264,1458
394,0.00010000,0.00001966,0.00012680,0.000127662337662,cg,1,0,2,0.00056349,264,263,1552
395,0.00050000,0.00001513,0.00010084,0.000136306306306,bnb,1,0,1,,263,262,968
396,0.00010000,0.00001380,0.00008902,0.0000896103896104,cg,1,0,2,0.00059569,262,262,1194
397,0.00050000,0.00001639,0.00012828,0.000147657657658,bnb,1,0,1,,262,261,946
398,0.00010000,0.00002261,0.00014582,0.000146818181818,cg,1,0,2,0.00059005,261,260,1801
399,0.00010000,0.00002454,0.00015826,0.000159350649351,cg,1,0,2,0.00059021,260,260,1869
400,0.00010000,0.00002951,0.00019033,0.000191623376623,cg,1,0,2,0.00058948,260,260,2250
401,0.00010000,0.00002278,0.00014693,0.000147922077922,cg,1,0,2,0.00059916,260,259,1802
402,0.00050000,0.00001719,0.00011084,0.000111623376623,cg,1,0,2,0.00112702,259,259,1437
403,0.00050000,0.00001590,0.00010256,0.000103246753247,cg,1,0,2,0.00097231,259,258,1354
404,0.00010000,0.00003551,0.00022907,0.000230584415584,cg,1,0,2,0.00058852,258,257,2697
405,0.00010000,0.00003586,0.00023134,0.000232857142857,cg,1,0,2,0.00058826,257,257,2719
406,0.00010000,0.00004286,0.00027646,0.000278311688312,cg,1,0,2,0.00058255,257,257,3195
407,0.00050000,0.00004278,0.00027594,0.000277792207792,cg,1,0,2,0.00104263,257,257,3190
408,0.00050000,0.00004489,0.00029066,0.000404414414414,bnb,1,0,1,,257,256,2919
409,0.00050000,0.00003781,0.00024393,0.000245519480519,cg,1,0,2,0.00078942,256,255,2866
410,0.00010000,0.00004761,0.00014559,0.000146042944785,cg,1,0,6,0.00050633,255,254,1874
411,0.00200000,0.00004583,0.00012384,0.000124200542005,cg,1,0,7,0.00228747,254,253,1654
412,0.00010000,0.00012438,0.00015547,0.000155669586984,cg,1,0,17,0.00050677,253,253,1973
413,0.00010000,0.00011912,0.00018967,0.000189984051037,knapsack,1,0,13,0.00050822,253,253,2319
414,0.00010000,0.00008623,0.00015909,0.000159390018484,cg,1,0,11,0.00050695,253,252,1990
415,0.00050000,0.00010268,0.00012835,0.000128510638298,cg,1,0,17,0.00064331,252,252,1711
416,0.00050000,0.00009588,0.00011373,0.000113871733967,cg,1,0,18,0.00089982,252,252,1494
417,0.00010000,0.00001360,0.00008769,0.0000883116883117,cg,1,0,2,0.00061332,252,251,1231
418,0.00010000,0.00003170,0.00014952,0.000149528301887,cg,2,0,2,0.00095518,251,249,2761
419,0.00050000,0.00016982,0.00019167,0.000191887005650,knapsack,1,0,19,0.00066680,249,249,2319
420,0.00010000,0.00015743,0.00018674,0.000186971496437,cg,1,0,18,0.00050804,249,266,2301
421,0.00010000,0.00002792,0.00018010,0.000181298701299,knapsack,1,0,2,0.00050497,266,265,2234
422,0.00010000,0.00001648,0.00010631,0.000107012987013,knapsack,1,0,2,0.00050076,265,265,1540
423,0.00010000,0.00000484,0.00003117,0.0000314285714286,knapsack,1,0,2,0.00051749,265,265,714
424,0.00050000,0.00000804,0.00006041,0.0000724324324324,bnb,1,0,1,,265,265,477
425,0.01000000,0.00002071,0.00013357,0.000134480519481,cg,1,0,2,0.00382289,265,265,1748
426,0.00010000,0.00002193,0.00014143,0.000142402597403,knapsack,1,0,2,0.00052435,265,265,1828
427,0.00050000,0.00002136,0.00014149,0.000192432432432,bnb,1,0,1,,265,265,1371
428,0.00010000,0.00001859,0.00011992,0.000120714285714,cg,1,0,2,0.00088218,265,265,1626
429,0.00050000,0.00002187,0.00014773,0.000197027027027,bnb,1,0,1,,265,264,1389
430,0.00010000,0.00001018,0.00006563,0.0000661038961039,knapsack,1,0,2,0.00055293,264,264,1129
431,0.00010000,0.00001109,0.00007151,0.0000720129870130,cg,1,0,2,0.00059792,264,264,1188
432,0.00010000,0.00002521,0.00016263,0.000163701298701,cg,1,0,2,0.00059300,264,264,2109
433,0.00010000,0.00002689,0.00017343,0.000174610389610,cg,1,0,2,0.00059276,264,264,2217
434,0.00200000,0.00007922,0.00032870,0.000330083333333,cg,1,0,4,0.00195917,264,264,3786
435,0.00010000,0.00006260,0.00055553,0.000563963963964,bnb,1,0,1,,264,264,3260
436,0.00010000,0.00007905,0.00070362,0.000712162162162,bnb,1,0,1,,264,264,4105
437,0.00050000,0.00007405,0.00065257,0.000667117117117,bnb,1,0,1,,265,264,3881
438,0.01000000,0.00031098,0.00066733,0.000667339055794,knapsack,1,0,9,0.00810040,264,264,7806
439,0.00010000,0.00007665,0.00068429,0.000690540540541,bnb,1,0,1,,264,263,3969
440,0.00010000,0.00008358,0.00074619,0.000752972972973,bnb,1,0,1,,263,263,4328
441,0.00010000,0.00008936,0.00079478,0.000805045045045,bnb,1,0,1,,263,262,4644
442,0.00050000,0.00009163,0.00079191,0.000825495495495,bnb,1,0,1,,262,262,4886
443,0.00010000,0.00007954,0.00070964,0.000716576576577,bnb,1,0,1,,262,262,4121
444,0.00010000,0.00005523,0.00048360,0.000497567567568,bnb,1,0,1,,262,262,2911
445,0.00010000,0.00005262,0.00042450,0.000474054054054,bnb,1,0,1,,262,262,2969
446,0.00200000,0.00013661,0.00048099,0.000482720848057,cg,1,0,5,0.00376074,262,262,5273
447,0.00010000,0.00007068,0.00062554,0.000636756756757,bnb,1,0,1,,262,261,3690
448,0.01000000,0.00008848,0.00051051,0.000523550295858,bnb,2,0,1,,261,259,6091
449,0.00010000,0.00005523,0.00046503,0.000497567567568,bnb,1,0,1,,259,259,3011
450,0.00010000,0.00002060,0.00013289,0.000133766233766,knapsack,1,0,2,0.00053366,259,259,1807
451,0.00050000,0.00001900,0.00012252,0.000123376623377,cg,1,0,2,0.00082371,259,259,1702
452,0.00010000,0.00002404,0.00015505,0.000156103896104,cg,1,0,2,0.00059804,259,259,2079
453,0.00010000,0.00002505,0.00016158,0.000162662337662,cg,1,0,2,0.00060300,259,259,2097
454,0.00010000,0.00001934,0.00012474,0.000125584415584,cg,1,0,2,0.00060939,259,259,1725
455,0.00050000,0.00001375,0.00008870,0.0000892857142857,cg,1,0,2,0.00111517,259,259,1361
456,0.00050000,0.00001785,0.00011512,0.000115909090909,cg,1,0,2,0.00113112,259,258,1546
457,0.00050000,0.00000426,0.00001878,0.0000383783783784,bnb,1,0,1,,258,258,324
458,0.00010000,0.00000879,0.00005665,0.0000570779220779,cg,1,0,2,0.00063109,258,258,955
459,0.00010000,0.00002360,0.00015225,0.000153246753247,cg,1,0,2,0.00062018,258,258,1921
460,0.00010000,0.00002458,0.00015856,0.000159610389610,cg,1,0,2,0.00062160,258,258,1984
461,0.00010000,0.00002655,0.00017125,0.000172402597403,cg,1,0,2,0.00062048,258,257,2113
462,0.00010000,0.00002013,0.00012983,0.000130714285714,cg,1,0,2,0.00095659,257,257,1680
463,0.00200000,0.00000393,0.00001720,0.0000173893805310,bnb,3,0,1,,257,255,300
464,0.00200000,0.00000464,0.00002030,0.0000205309734513,bnb,3,0,1,,255,253,354
465,0.00010000,0.00000315,0.00002030,0.0000204545454545,cg,1,0,2,0.00083369,253,252,573
466,0.00010000,0.00001585,0.00008003,0.0000804568527919,cg,1,0,3,0.00050348,252,251,1154
467,0.00010000,0.00003236,0.00016340,0.000164263959391,cg,1,0,3,0.00050704,251,250,1780
468,0.00010000,0.00002742,0.00017686,0.000178051948052,cg,1,0,2,0.00206786,250,250,1916
469,0.00010000,0.00002221,0.00014328,0.000144220779221,cg,1,0,2,0.00207378,250,250,1718
470,0.00010000,0.00002316,0.00014940,0.000150389610390,cg,1,0,2,0.00207442,250,249,1779
471,0.00010000,0.00001680,0.00010834,0.000109090909091,cg,1,0,2,0.00212153,249,249,1364
472,0.00050000,0.00000592,0.00004905,0.0000533333333333,bnb,1,0,1,,249,249,327
473,0.00050000,0.00001507,0.00009216,0.000135765765766,bnb,1,0,1,,249,249,1009
474,0.00050000,0.00002186,0.00014099,0.000141948051948,cg,1,0,2,0.00172050,249,250,1694
475,0.00050000,0.00003026,0.00025472,0.000272612612613,bnb,1,0,1,,250,250,1650
476,0.00010000,0.00004337,0.00027980,0.000281623376623,cg,1,0,2,0.00058998,250,249,3112
477,0.00010000,0.00004160,0.00026838,0.000270129870130,cg,1,0,2,0.00078318,249,248,2997
478,0.00010000,0.00003011,0.00019422,0.000195519480519,cg,1,0,2,0.00211764,248,249,2249
479,0.01000000,0.00001509,0.00009735,0.0000979870129870,cg,1,0,2,0.00347779,249,252,1253
480,0.00010000,0.00002731,0.00017613,0.000177337662338,knapsack,1,0,2,0.00074672,252,253,2049
481,0.00010000,0.00003446,0.00022229,0.000223766233766,knapsack,1,0,2,0.00061226,253,256,2375
482,0.00010000,0.00010661,0.00068776,0.000692272727273,knapsack,1,0,2,0.00080212,256,258,7077
483,0.00010000,0.00014674,0.00094667,0.000952857142857,knapsack,1,0,2,0.00051506,258,261,9698
484,0.00010000,0.00014187,0.00091527,0.000921233766234,knapsack,1,0,2,0.00060271,261,274,9381
485,0.00010000,0.00011088,0.00071535,0.00072000,knapsack,1,0,2,0.00083565,274,288,7544
486,0.00200000,0.00028972,0.00062170,0.000621716738197,knapsack,1,0,9,0.00270842,288,288,7229
487,0.00010000,0.00006860,0.00044257,0.000445454545455,knapsack,1,0,2,0.00074848,288,288,4798
488,0.00010000,0.00005924,0.00038217,0.000384675324675,knapsack,1,0,2,0.00071703,288,310,4188
489,0.00050000,0.00005577,0.00048856,0.000502432432432,bnb,1,0,1,,310,332,2938
490,0.00010000,0.00010450,0.00067417,0.000678571428571,knapsack,1,0,2,0.00066127,332,353,6946
491,0.00010000,0.00013167,0.00084945,0.000855000,knapsack,1,0,2,0.00092170,353,353,8716
492,0.00010000,0.00009813,0.00063306,0.000637207792208,knapsack,1,0,2,0.00174344,353,353,6664
493,0.00010000,0.00011023,0.00071116,0.000715779220779,knapsack,1,0,2,0.00232196,353,353,7301
494,0.00010000,0.00023250,0.00096470,0.00096875000,knapsack,1,0,4,0.00054152,353,353,9863
495,0.00050000,0.00025040,0.00103899,0.00104333333333,knapsack,1,0,4,0.00067809,353,353,10613
496,0.00010000,0.00028345,0.00117614,0.00118104166667,knapsack,1,0,4,0.00055061,353,353,11998
497,0.00010000,0.00034709,0.00138281,0.00138282868526,knapsack,1,0,4,0.00055951,353,352,15469
498,0.00010000,0.00034993,0.00139412,0.00139414342629,knapsack,1,0,4,0.00055997,352,355,15803
499,0.00050000,0.00015483,0.00136457,0.00139486486486,bnb,1,0,1,,355,355,8114
500,0.00010000,0.00022676,0.00146292,0.00147246753247,cg,1,0,2,0.00170850,355,354,15103
501,0.00010000,0.00025462,0.00164267,0.00165337662338,cg,1,0,2,0.00183842,354,354,16919
502,0.00010000,0.00028192,0.00181882,0.00183064935065,cg,1,0,2,0.00182193,354,354,18512
503,0.00050000,0.00021691,0.00191922,0.00195414414414,bnb,1,0,1,,354,354,11327
504,0.00010000,0.00031034,0.00200214,0.00201519480519,cg,1,0,2,0.00183490,354,354,20364
505,0.00010000,0.00027553,0.00177757,0.00178915584416,cg,1,0,2,0.00188012,354,354,18095
506,0.00200000,0.00021688,0.00139922,0.00140831168831,cg,1,0,2,0.00863119,354,354,14274
507,0.00010000,0.00014827,0.00095656,0.000962792207792,cg,1,0,2,0.00072404,354,354,9804
508,0.00050000,0.00007506,0.00065157,0.000676216216216,bnb,1,0,1,,354,354,3987
509,0.01000000,0.00026973,0.00065309,0.000654684466019,knapsack,1,0,8,0.00325638,354,354,6738
510,0.00050000,0.00008101,0.00072300,0.000729819819820,bnb,1,0,1,,354,354,4196
511,0.00050000,0.00009005,0.00080164,0.000811261261261,bnb,1,0,1,,354,354,4676
512,0.00010000,0.00011337,0.00073138,0.000736168831169,cg,1,0,2,0.00082926,354,353,7524
513,0.00200000,0.00024866,0.00065435,0.000654368421053,knapsack,1,0,7,0.00231070,353,353,7400
514,0.00010000,0.00010149,0.00065471,0.000659025974026,knapsack,1,0,2,0.00058793,353,354,6750
515,0.00010000,0.00010330,0.00066640,0.000670779220779,cg,1,0,2,0.00092372,354,358,6861
516,0.00010000,0.00009612,0.00062011,0.000624155844156,knapsack,1,0,2,0.00086202,358,363,6393
517,0.00010000,0.00018518,0.00048731,0.000487315789474,knapsack,1,0,7,0.00052100,363,378,5539
518,0.00050000,0.00003440,0.00027899,0.000309909909910,bnb,1,0,1,,378,389,1933
519,0.00010000,0.00001902,0.00012266,0.000123506493506,knapsack,1,0,2,0.00107800,389,398,1607
520,0.00050000,0.00001634,0.00009406,0.000147207207207,bnb,1,0,1,,398,413,1126
521,0.00010000,0.00001610,0.00010384,0.000104545454545,knapsack,1,0,2,0.00088729,413,429,1417
522,0.00010000,0.00003191,0.00020585,0.000207207792208,knapsack,1,0,2,0.00076791,429,429,2447
523,0.00050000,0.00003575,0.00020796,0.000322072072072,bnb,1,0,1,,429,429,2452
524,0.00010000,0.00003075,0.00019833,0.000199675324675,cg,1,0,2,0.00082443,429,446,2371
525,0.00010000,0.00003864,0.00018224,0.000182264150943,cg,2,0,2,0.00086184,446,445,3265
526,0.00050000,0.00003614,0.00017047,0.000170471698113,cg,2,0,2,0.00050097,445,444,2924
527,0.00010000,0.00001054,0.00006798,0.0000684415584416,knapsack,1,0,2,0.00050278,444,444,900
528,0.00200000,0.00003819,0.00014144,0.000141970260223,cg,3,0,2,0.01211570,444,441,3284
529,0.00010000,0.00007706,0.00036348,0.000363490566038,cg,2,0,2,0.00082440,441,440,5993
530,0.00010000,0.00005633,0.00036338,0.000365779220779,cg,1,0,2,0.00366656,440,440,4038
531,0.00010000,0.00007648,0.00036072,0.000360754716981,cg,2,0,2,0.00082956,440,438,5950
532,0.00010000,0.00008504,0.00040110,0.000401132075472,cg,2,0,2,0.00082546,438,437,6591
533,0.00050000,0.00004121,0.00036210,0.000371261261261,bnb,1,0,1,,437,436,2165
534,0.00050000,0.00003729,0.00030971,0.000335945945946,bnb,1,0,1,,436,436,2056
535,0.01000000,0.00008507,0.00020597,0.000206480582524,knapsack,1,0,8,0.00519807,436,436,2217
536,0.00010000,0.00004304,0.00027764,0.000279480519481,knapsack,1,0,2,0.00073914,436,436,2941
537,0.00010000,0.00006346,0.00029932,0.000299339622642,cg,2,0,2,0.00086055,436,435,4898
538,0.00010000,0.00006059,0.00028579,0.000285801886792,cg,2,0,2,0.00090715,435,436,4681
539,0.00010000,0.00003100,0.00019998,0.000201298701299,knapsack,1,0,2,0.00072198,436,435,2281
540,0.00010000,0.00002371,0.00015291,0.000153961038961,knapsack,1,0,2,0.00183546,435,434,1770
541,0.00010000,0.00002075,0.00013387,0.000134740259740,knapsack,1,0,2,0.00058647,434,433,1578
542,0.00010000,0.00003443,0.00016239,0.000162405660377,cg,2,0,2,0.00096636,433,439,2808
543,0.00010000,0.00003636,0.00023453,0.000236103896104,knapsack,1,0,2,0.00796404,439,438,2595
544,0.00050000,0.00005582,0.00040774,0.000502882882883,bnb,1,0,1,,438,437,3380
545,0.00050000,0.00005690,0.00044254,0.000512612612613,bnb,1,0,1,,437,436,3300
546,0.00010000,0.00009354,0.00044118,0.000441226415094,cg,2,0,2,0.00092470,436,434,7241
547,0.00010000,0.00008198,0.00038668,0.000386698113208,cg,2,0,2,0.00093850,434,432,6350
548,0.00050000,0.00007884,0.00029199,0.000293085501859,cg,3,0,2,0.00101165,432,429,6539
549,0.00010000,0.00004490,0.00021177,0.000211792452830,cg,2,0,2,0.00097908,429,427,3570
550,0.00010000,0.00004788,0.00022582,0.000225849056604,cg,2,0,2,0.00101703,427,429,3793
551,0.00010000,0.00003923,0.00025307,0.000254740259740,knapsack,1,0,2,0.00079186,429,428,2758
552,0.00010000,0.00005282,0.00034076,0.000342987012987,knapsack,1,0,2,0.00360792,428,427,3627
553,0.00010000,0.00007355,0.00034690,0.000346933962264,cg,2,0,2,0.00099617,427,425,5779
554,0.00050000,0.00006353,0.00029965,0.000299669811321,cg,2,0,2,0.00061045,425,424,5026
555,0.01000000,0.00010162,0.00024603,0.000246650485437,knapsack,1,0,8,0.00351206,424,424,2746
556,0.00050000,0.00003366,0.00024378,0.000303243243243,bnb,1,0,1,,424,424,2049
557,0.01000000,0.00015203,0.00036809,0.000369004854369,knapsack,1,0,8,0.00177431,424,424,3987
558,0.00010000,0.00007367,0.00047524,0.000478376623377,knapsack,1,0,2,0.00065004,424,424,5070
559,0.00010000,0.00012184,0.00057467,0.000574716981132,cg,2,0,2,0.00095435,424,423,9409
560,0.00010000,0.00009517,0.00061398,0.000617987012987,cg,1,0,2,0.00092000,423,423,6530
561,0.00050000,0.00008852,0.00069191,0.000797477477477,bnb,1,0,1,,423,422,5115
562,0.00200000,0.00017836,0.00061962,0.000628028169014,bnb,4,0,1,,422,419,14490
563,0.00010000,0.00014387,0.00067863,0.000678632075472,cg,2,0,2,0.00093582,419,418,11176
564,0.00010000,0.00017746,0.00083707,0.000837075471698,cg,2,0,2,0.00090495,418,417,13695
565,0.00010000,0.00022978,0.00108383,0.00108386792453,cg,2,0,2,0.00085598,417,416,17459
566,0.01000000,0.00044691,0.00108210,0.00108473300971,knapsack,1,0,8,0.00536144,416,416,11155
567,0.00010000,0.00016934,0.00109247,0.00109961038961,cg,1,0,2,0.00068725,416,415,11259
568,0.00200000,0.00029335,0.00098091,0.00103292253521,bnb,4,0,1,,415,411,24038
569,0.00010000,0.00017825,0.00084080,0.000840801886792,cg,2,0,2,0.00091536,411,410,13582
570,0.00010000,0.00012131,0.00078260,0.000787727272727,cg,1,0,2,0.00061238,410,411,8118
571,0.00050000,0.00018744,0.00120929,0.00121714285714,knapsack,1,0,2,0.00801418,411,412,12426
572,0.00200000,0.00020585,0.00132801,0.00133668831169,knapsack,1,0,2,0.00743494,412,412,13626
573,0.00010000,0.00023059,0.00148765,0.00149733766234,cg,1,0,2,0.00173727,412,412,15409
574,0.00050000,0.00023182,0.00149560,0.00150532467532,cg,1,0,2,0.00134196,412,412,15319
575,0.00010000,0.00022851,0.00147423,0.00148383116883,cg,1,0,2,0.00174591,412,412,15103
576,0.00010000,0.00021714,0.00140089,0.00141000,cg,1,0,2,0.00180439,412,411,14362
577,0.00010000,0.00023304,0.00109921,0.00109924528302,cg,2,0,2,0.00067748,411,409,17703
578,0.00010000,0.00014762,0.00069631,0.000696320754717,cg,2,0,2,0.00094958,409,408,11297
579,0.00050000,0.00012018,0.00100339,0.00108270270270,bnb,1,0,1,,408,407,6599
580,0.00010000,0.00021572,0.00139169,0.00140077922078,cg,1,0,2,0.00140478,407,407,14281
581,0.00010000,0.00027583,0.00129914,0.00163213017751,bnb,2,0,1,,407,406,20567
582,0.00010000,0.00017346,0.00111904,0.00112636363636,cg,1,0,2,0.00050972,406,406,11527
583,0.00200000,0.00011764,0.00100220,0.00105981981982,bnb,1,0,1,,406,406,6352
584,0.00010000,0.00014669,0.00094637,0.000952532467532,cg,1,0,2,0.00323110,406,406,9845
585,0.00010000,0.00024935,0.00117614,0.00117617924528,cg,2,0,2,0.00084055,406,405,18988
586,0.00010000,0.00019305,0.00124548,0.00125357142857,knapsack,1,0,2,0.00050907,405,405,12866
587,0.00010000,0.00026089,0.00123057,0.00123061320755,cg,2,0,2,0.00075717,405,404,19854
588,0.00010000,0.00019146,0.00090309,0.000903113207547,cg,2,0,2,0.00092064,404,403,14646
589,0.00010000,0.00012298,0.00079338,0.000798571428571,cg,1,0,2,0.00061267,403,410,8300
590,0.00010000,0.00009040,0.00079280,0.000814414414414,bnb,1,0,1,,410,410,4758
591,0.00010000,0.00009641,0.00084234,0.000868558558559,bnb,1,0,1,,410,410,5092
592,0.00010000,0.00012645,0.00112800,0.00113918918919,bnb,1,0,1,,410,409,6553
593,0.00200000,0.00020521,0.00132393,0.00133253246753,cg,1,0,2,0.01096179,409,409,13633
594,0.00050000,0.00016127,0.00135716,0.00145288288288,bnb,1,0,1,,409,409,8798
595,0.00050000,0.00020231,0.00130518,0.00131370129870,knapsack,1,0,2,0.00200611,409,409,13408
596,0.00010000,0.00017871,0.00115292,0.00116045454545,cg,1,0,2,0.00064299,409,409,11869
597,0.00010000,0.00014894,0.00096085,0.000967142857143,cg,1,0,2,0.00149450,409,411,9929
598,0.00010000,0.00010525,0.00093560,0.000948198198198,bnb,1,0,1,,411,413,5472
599,0.00010000,0.00009059,0.00078573,0.000816126126126,bnb,1,0,1,,413,415,4816
600,0.00050000,0.00009709,0.00086346,0.000874684684685,bnb,1,0,1,,415,417,5046
601,0.00010000,0.00011253,0.00100184,0.00101378378378,bnb,1,0,1,,417,416,5843
602,0.00050000,0.00010618,0.00093672,0.000956576576577,bnb,1,0,1,,416,416,5559
603,0.00010000,0.00009841,0.00087737,0.000886576576577,bnb,1,0,1,,416,416,5103
604,0.00010000,0.00009144,0.00080778,0.000823783783784,bnb,1,0,1,,416,416,4781
605,0.00010000,0.00009174,0.00080739,0.000826486486486,bnb,1,0,1,,416,415,4814
606,0.00010000,0.00010125,0.00090396,0.000912162162162,bnb,1,0,1,,415,415,5243
607,0.00200000,0.00015929,0.00102765,0.00103435064935,cg,1,0,2,0.00864940,415,415,10721
608,0.00010000,0.00012130,0.00107733,0.00109279279279,bnb,1,0,1,,415,415,6312
609,0.00010000,0.00013520,0.00120391,0.00121801801802,bnb,1,0,1,,415,415,7018
610,0.00010000,0.00014489,0.00124811,0.00130531531532,bnb,1,0,1,,415,414,7749
611,0.00010000,0.00013774,0.00122681,0.00124090090090,bnb,1,0,1,,414,420,7149
612,0.00010000,0.00013017,0.00115913,0.00117270270270,bnb,1,0,1,,420,419,6757
613,0.00050000,0.00009753,0.00086935,0.000878648648649,bnb,1,0,1,,419,419,5058
614,0.00010000,0.00009247,0.00079512,0.000833063063063,bnb,1,0,1,,419,424,4953
615,0.00010000,0.00009730,0.00084317,0.000876576576577,bnb,1,0,1,,424,424,5176
616,0.00010000,0.00008318,0.00073186,0.000749369369369,bnb,1,0,1,,424,424,4365
617,0.00010000,0.00006082,0.00054210,0.000547927927928,bnb,1,0,1,,424,429,3154
618,0.00010000,0.00002120,0.00013675,0.000137662337662,knapsack,1,0,2,0.00050040,429,428,1724
619,0.00010000,0.00002703,0.00017438,0.000175519480519,knapsack,1,0,2,0.00050406,428,428,2103
620,0.00010000,0.00002844,0.00018348,0.000184675324675,knapsack,1,0,2,0.00058859,428,427,2195
621,0.00050000,0.00003214,0.00026946,0.000289549549550,bnb,1,0,1,,427,427,1758
622,0.00010000,0.00003776,0.00024360,0.000245194805195,cg,1,0,2,0.00058628,427,427,2790
623,0.00010000,0.00005491,0.00035425,0.000356558441558,cg,1,0,2,0.00059357,427,426,3908
624,0.00010000,0.00005539,0.00044161,0.000499009009009,bnb,1,0,1,,426,426,3154
625,0.00010000,0.00004617,0.00029784,0.000299805194805,cg,1,0,2,0.00062174,426,426,3338
626,0.00050000,0.00004055,0.00033621,0.000365315315315,bnb,1,0,1,,426,426,2239
627,0.00010000,0.00006023,0.00053199,0.000542612612613,bnb,1,0,1,,426,426,3150
628,0.00010000,0.00007685,0.00068498,0.000692342342342,bnb,1,0,1,,426,426,3986
629,0.00050000,0.00007171,0.00062734,0.000646036036036,bnb,1,0,1,,426,426,3783
630,0.00010000,0.00006442,0.00056250,0.000580360360360,bnb,1,0,1,,426,426,3404
631,0.00010000,0.00005612,0.00049764,0.000505585585586,bnb,1,0,1,,426,426,2924
632,0.00010000,0.00005710,0.00043967,0.000514414414414,bnb,1,0,1,,426,426,3335
633,0.00010000,0.00005932,0.00047683,0.000534414414414,bnb,1,0,1,,426,425,3357
634,0.00010000,0.00006672,0.00058269,0.000601081081081,bnb,1,0,1,,425,424,3525
635,0.00050000,0.00007663,0.00068016,0.000690360360360,bnb,1,0,1,,424,430,3990
636,0.00010000,0.00009750,0.00084686,0.000878378378378,bnb,1,0,1,,430,430,5176
637,0.00050000,0.00010876,0.00095249,0.000979819819820,bnb,1,0,1,,430,430,5732
638,0.00010000,0.00010780,0.00096135,0.000971171171171,bnb,1,0,1,,430,430,5588
639,0.00010000,0.00010872,0.00096308,0.000979459459459,bnb,1,0,1,,430,430,5671
640,0.00010000,0.00008764,0.00077913,0.000789549549550,bnb,1,0,1,,430,430,4556
641,0.00010000,0.00011704,0.00104163,0.00105441441441,bnb,1,0,1,,430,430,6079
642,0.00050000,0.00011959,0.00104430,0.00107738738739,bnb,1,0,1,,430,430,6319
643,0.00010000,0.00011369,0.00101163,0.00102423423423,bnb,1,0,1,,430,430,5906
644,0.00010000,0.00011534,0.00102307,0.00103909909910,bnb,1,0,1,,430,429,6009
645,0.00050000,0.00011393,0.00101410,0.00102639639640,bnb,1,0,1,,429,428,5916
646,0.00010000,0.00010102,0.00089596,0.000910090090090,bnb,1,0,1,,428,428,5263
647,0.00200000,0.00008936,0.00063162,0.000805045045045,bnb,1,0,1,,428,428,5525
648,0.00010000,0.00006968,0.00062197,0.000627747747748,bnb,1,0,1,,428,428,3609
649,0.00050000,0.00007202,0.00064211,0.000648828828829,bnb,1,0,1,,428,428,3734
650,0.00010000,0.00007301,0.00063282,0.000657747747748,bnb,1,0,1,,428,428,3883
651,0.00050000,0.00006793,0.00058018,0.000611981981982,bnb,1,0,1,,428,428,3660
652,0.00050000,0.00006095,0.00053618,0.000549099099099,bnb,1,0,1,,428,428,3199
653,0.00010000,0.00005938,0.00051039,0.000534954954955,bnb,1,0,1,,428,428,3181
654,0.00010000,0.00005201,0.00033551,0.000337727272727,cg,1,0,2,0.00056997,428,428,3905
655,0.00010000,0.00006508,0.00057678,0.000586306306306,bnb,1,0,1,,428,434,3393
656,0.00010000,0.00010183,0.00090895,0.000917387387387,bnb,1,0,1,,434,433,5274
657,0.00200000,0.00015869,0.00125760,0.00142963963964,bnb,1,0,1,,433,439,9077
658,0.00010000,0.00014529,0.00123676,0.00130891891892,bnb,1,0,1,,439,439,7850
659,0.00050000,0.00012674,0.00110382,0.00114180180180,bnb,1,0,1,,439,439,6713
660,0.00010000,0.00011812,0.00104547,0.00106414414414,bnb,1,0,1,,439,439,6166
661,0.00010000,0.00013145,0.00115242,0.00118423423423,bnb,1,0,1,,439,438,6921
662,0.00010000,0.00027155,0.00175193,0.00176331168831,knapsack,1,0,2,0.00051574,438,437,18212
663,0.00200000,0.00026058,0.00220606,0.00234756756757,bnb,1,0,1,,437,437,14145
664,0.00050000,0.00029186,0.00251486,0.00262936936937,bnb,1,0,1,,437,437,15605
665,0.00010000,0.00040055,0.00273466,0.00360855855856,bnb,1,0,1,,437,437,25287
666,0.01000000,0.00051131,0.00294225,0.00302550295858,bnb,2,0,1,,437,442,35242
667,0.00010000,0.00040097,0.00278071,0.00361234234234,bnb,1,0,1,,442,442,25081
668,0.00050000,0.00032440,0.00271012,0.00292252252252,bnb,1,0,1,,442,441,17805
669,0.00200000,0.00032196,0.00286304,0.00290054054054,bnb,1,0,1,,441,441,16735
670,0.00200000,0.00033748,0.00296599,0.00304036036036,bnb,1,0,1,,441,441,17731
671,0.00010000,0.00040108,0.00293733,0.00361333333333,bnb,1,0,1,,441,441,24246
672,0.00050000,0.00032443,0.00248306,0.00292279279279,bnb,1,0,1,,441,441,19034
673,0.00050000,0.00032546,0.00230688,0.00293207207207,bnb,1,0,1,,441,441,20088
674,0.00010000,0.00035828,0.00231147,0.00232649350649,cg,1,0,2,0.00050808,441,441,23767
675,0.00010000,0.00034748,0.00224177,0.00225636363636,knapsack,1,0,2,0.00050687,441,441,23063
676,0.00010000,0.00029318,0.00189143,0.00190376623377,cg,1,0,2,0.00051177,441,441,19525
677,0.00010000,0.00012844,0.00113413,0.00115711711712,bnb,1,0,1,,441,441,6719
678,0.00050000,0.00012696,0.00111456,0.00114378378378,bnb,1,0,1,,441,441,6677
679,0.00010000,0.00011902,0.00106026,0.00107225225225,bnb,1,0,1,,441,440,6176
680,0.00010000,0.00009791,0.00084402,0.000882072072072,bnb,1,0,1,,440,440,5233
681,0.00010000,0.00006970,0.00062194,0.000627927927928,bnb,1,0,1,,440,439,3611
682,0.00010000,0.00007394,0.00064181,0.000666126126126,bnb,1,0,1,,439,439,3928
683,0.00010000,0.00007857,0.00069982,0.000707837837838,bnb,1,0,1,,439,438,4077
684,0.00050000,0.00008388,0.00072125,0.000755675675676,bnb,1,0,1,,438,438,4493
685,0.00010000,0.00006874,0.00060277,0.000619279279279,bnb,1,0,1,,438,438,3619
686,0.00050000,0.00005885,0.00051013,0.000530180180180,bnb,1,0,1,,438,438,3130
687,0.00050000,0.00004998,0.00042358,0.000450270270270,bnb,1,0,1,,438,438,2710
688,0.00200000,0.00004847,0.00031269,0.000314740259740,cg,1,0,2,0.00314960,438,438,3579
689,0.00010000,0.00005349,0.00034509,0.000347337662338,cg,1,0,2,0.00052399,438,438,3906
690,0.00010000,0.00006059,0.00050653,0.000545855855856,bnb,1,0,1,,438,437,3323
691,0.00050000,0.00007240,0.00064261,0.000652252252252,bnb,1,0,1,,437,436,3769
692,0.00010000,0.00007909,0.00070112,0.000712522522523,bnb,1,0,1,,436,435,4122
693,0.00010000,0.00008109,0.00072167,0.000730540540541,bnb,1,0,1,,435,435,4211
694,0.00010000,0.00008053,0.00071800,0.000725495495495,bnb,1,0,1,,435,434,4175
695,0.00050000,0.00007412,0.00065820,0.000667747747748,bnb,1,0,1,,434,434,3857
696,0.00010000,0.00006929,0.00061704,0.000624234234234,bnb,1,0,1,,434,434,3596
697,0.00200000,0.00011819,0.00097922,0.00106477477477,bnb,1,0,1,,434,434,6531
698,0.00010000,0.00012281,0.00109420,0.00110639639640,bnb,1,0,1,,434,433,6372
699,0.00010000,0.00012864,0.00113562,0.00115891891892,bnb,1,0,1,,433,432,6731
700,0.00010000,0.00012878,0.00114298,0.00116018018018,bnb,1,0,1,,432,431,6705
701,0.00010000,0.00011619,0.00103576,0.00104675675676,bnb,1,0,1,,431,430,6025
702,0.00050000,0.00008548,0.00071673,0.000770090090090,bnb,1,0,1,,430,429,4677
703,0.00010000,0.00007931,0.00070672,0.000714504504505,bnb,1,0,1,,429,428,4114
704,0.00010000,0.00007727,0.00067933,0.000696126126126,bnb,1,0,1,,428,427,4058
705,0.00200000,0.00011851,0.00059851,0.000601573604061,cg,1,0,3,0.00123842,427,426,6613
706,0.00010000,0.00006940,0.00059389,0.000625225225225,bnb,1,0,1,,426,425,3732
707,0.00010000,0.00006944,0.00059428,0.000625585585586,bnb,1,0,1,,425,425,3734
708,0.00010000,0.00006958,0.00059462,0.000626846846847,bnb,1,0,1,,425,424,3747
709,0.00010000,0.00007396,0.00059504,0.000666306306306,bnb,1,0,1,,424,423,4182
710,0.00050000,0.00005951,0.00052635,0.000536126126126,bnb,1,0,1,,423,422,3108
711,0.00050000,0.00004398,0.00038364,0.000396216216216,bnb,1,0,1,,422,421,2326
712,0.00050000,0.00005951,0.00051378,0.000536126126126,bnb,1,0,1,,421,420,3176
713,0.00010000,0.00012136,0.00107524,0.00109333333333,bnb,1,0,1,,420,419,6329
714,0.00010000,0.00014562,0.00128230,0.00131189189189,bnb,1,0,1,,419,418,7637
715,0.00010000,0.00014836,0.00122835,0.00133657657658,bnb,1,0,1,,418,417,8202
716,0.00010000,0.00019007,0.00122621,0.00123422077922,cg,1,0,2,0.00053919,417,416,12966
717,0.00010000,0.00017897,0.00115462,0.00116214285714,cg,1,0,2,0.00055059,416,415,12242
718,0.00010000,0.00017990,0.00116063,0.00116818181818,cg,1,0,2,0.00056065,415,415,12303
719,0.00010000,0.00016670,0.00107543,0.00108246753247,cg,1,0,2,0.00058928,415,415,11443
720,0.00200000,0.00019616,0.00099066,0.000995736040609,cg,1,0,3,0.00128942,415,415,10586
721,0.00010000,0.00018523,0.00119499,0.00120279220779,cg,1,0,2,0.00057532,415,414,12339
722,0.00010000,0.00018208,0.00117468,0.00118233766234,cg,1,0,2,0.00057976,414,414,12446
723,0.00050000,0.00014299,0.00108566,0.00128819819820,bnb,1,0,1,,414,414,8436
724,0.00010000,0.00009873,0.00070348,0.000889459459459,bnb,1,0,1,,414,413,6074
725,0.00050000,0.00008628,0.00076207,0.000777297297297,bnb,1,0,1,,413,413,4512
726,0.00050000,0.00009357,0.00082091,0.000842972972973,bnb,1,0,1,,413,412,4924
727,0.00200000,0.00000269,0.00001139,0.0000119026548673,bnb,3,0,1,,412,409,207
728,0.00050000,0.00000229,0.00001476,0.0000148701298701,knapsack,1,0,2,0.00083967,409,408,730
729,0.00050000,0.00000278,0.00001929,0.0000250450450450,bnb,1,0,1,,408,407,173
730,0.00050000,0.00000406,0.00002645,0.0000365765765766,bnb,1,0,1,,407,406,263
731,0.00010000,0.00000232,0.00001495,0.0000150649350649,knapsack,1,0,2,0.00050813,406,405,732
732,0.00050000,0.00000243,0.00001567,0.0000157792207792,knapsack,1,0,2,0.00099207,405,404,470
733,0.00050000,0.00000972,0.00006764,0.0000875675675676,bnb,1,0,1,,404,403,606
734,0.00010000,0.00000426,0.00002742,0.0000276623376623,knapsack,1,0,2,0.00050800,403,402,858
735,0.00010000,0.00001230,0.00007933,0.0000798701298701,knapsack,1,0,2,0.00050008,402,401,1383
736,0.00050000,0.00001234,0.00006232,0.0000626395939086,cg,1,0,3,0.00068112,401,400,1210
737,0.00010000,0.00000965,0.00006222,0.0000626623376623,knapsack,1,0,2,0.00050302,400,399,1209
738,0.00010000,0.00000433,0.00002788,0.0000281168831169,knapsack,1,0,2,0.00051615,399,398,862
739,0.00050000,0.00000580,0.00002926,0.0000294416243655,cg,1,0,3,0.00094252,398,397,876
740,0.00010000,0.00000309,0.00001991,0.0000200649350649,knapsack,1,0,2,0.00051865,397,396,782
741,0.00050000,0.00000920,0.00004646,0.0000467005076142,cg,1,0,3,0.00092065,396,395,1050
742,0.00200000,0.00001650,0.00009401,0.0000976331360947,bnb,2,0,1,,395,393,1142
743,0.00050000,0.00002240,0.00007884,0.0000791519434629,cg,1,0,5,0.00064403,393,392,1197
744,0.00010000,0.00001052,0.00006785,0.0000683116883117,knapsack,1,0,2,0.00053952,392,391,1069
745,0.00010000,0.00000624,0.00004025,0.0000405194805195,knapsack,1,0,2,0.00058101,391,390,791
746,0.00010000,0.00000342,0.00002205,0.0000222077922078,knapsack,1,0,2,0.00065375,390,389,564
747,0.00010000,0.00000297,0.00001499,0.0000150761421320,knapsack,1,0,3,0.00050066,389,388,732
748,0.00010000,0.00000913,0.00004611,0.0000463451776650,cg,1,0,3,0.00050201,388,387,1047
749,0.00010000,0.00001338,0.00006753,0.0000679187817259,cg,1,0,3,0.00050292,387,386,1012
750,0.00050000,0.00002858,0.00010060,0.000100989399293,knapsack,1,0,5,0.00053752,386,385,1346
751,0.00010000,0.00002079,0.00010498,0.000105532994924,cg,1,0,3,0.00050453,385,384,1390
752,0.00010000,0.00002087,0.00010539,0.000105939086294,cg,1,0,3,0.00050457,384,383,1395
753,0.00010000,0.00000474,0.00002392,0.0000240609137056,cg,1,0,3,0.00050104,383,382,822
754,0.00010000,0.00001277,0.00006448,0.0000648223350254,cg,1,0,3,0.00050280,382,382,1232
755,0.00010000,0.00002001,0.00010103,0.000101573604061,cg,1,0,3,0.00050436,382,381,1350
756,0.00010000,0.00001596,0.00008057,0.0000810152284264,cg,1,0,3,0.00050349,381,380,1144
757,0.00010000,0.00002524,0.00010471,0.000105166666667,cg,1,0,4,0.00050454,380,379,1388
758,0.00010000,0.00002003,0.00008310,0.0000834583333333,cg,1,0,4,0.00050360,379,378,1420
759,0.00010000,0.00002109,0.00008749,0.000087875000,cg,1,0,4,0.00050380,378,377,1465
760,0.00200000,0.00000611,0.00003422,0.0000550450450450,bnb,1,0,1,,377,376,426
761,0.00010000,0.00000380,0.00001573,0.0000158333333333,cg,1,0,4,0.00050069,376,375,489
762,0.00010000,0.00001130,0.00002736,0.0000274271844660,knapsack,1,0,8,0.00050121,375,375,606
763,0.00010000,0.00000876,0.00002119,0.0000212621359223,cg,1,0,8,0.00050098,375,374,795
764,0.00200000,0.00000567,0.00001993,0.0000200353356890,cg,1,0,5,0.00276861,374,373,782
765,0.00010000,0.00002503,0.00006764,0.0000678319783198,cg,1,0,7,0.00050293,373,372,1264
766,0.00050000,0.00001518,0.00005342,0.0000536395759717,cg,1,0,5,0.00076041,372,371,1120
767,0.00010000,0.00000915,0.00002215,0.0000222087378641,knapsack,1,0,8,0.00050102,371,370,566
768,0.00010000,0.00004007,0.00005971,0.0000598059701493,cg,1,0,14,0.00050261,370,369,945
769,0.00010000,0.00011974,0.00015817,0.000158386243386,knapsack,1,0,16,0.00050695,369,368,1940
770,0.00010000,0.00015237,0.00020127,0.000201547619048,knapsack,1,0,16,0.00050874,368,367,2614
771,0.00010000,0.00023897,0.00013044,0.000130513380666,cg,1,0,41,0.00050566,367,366,1898
772,0.00010000,0.00025251,0.00013783,0.000137908246860,knapsack,1,0,41,0.00050607,366,365,1973
773,0.00010000,0.00032024,0.00017079,0.000170885805763,knapsack,1,0,42,0.00050760,365,364,2306
774,0.00010000,0.00025714,0.00012831,0.000128377433849,cg,1,0,45,0.00050564,364,364,1877
775,0.00010000,0.00025477,0.00011481,0.000114864743012,cg,1,0,50,0.00050509,364,364,1740
776,0.00010000,0.00039736,0.00017907,0.000179152389540,cg,1,0,50,0.00050820,364,364,2390
777,0.00010000,0.00050574,0.00022791,0.000228016230839,cg,1,0,50,0.00051029,364,363,2883
778,0.00010000,0.00007200,0.00024160,0.000241610738255,cg,2,0,4,0.00051065,363,361,4423
779,0.00010000,0.00008325,0.00027934,0.000279362416107,cg,2,0,4,0.00051234,361,359,5024
780,0.00050000,0.00005348,0.00025222,0.000252264150943,cg,2,0,2,0.00086727,359,357,4591
781,0.00010000,0.00006076,0.00020389,0.000203892617450,cg,2,0,4,0.00050900,357,355,3823
782,0.00010000,0.00005673,0.00018122,0.000181826923077,cg,3,0,3,0.00050802,355,352,4516
783,0.00200000,0.00058225,0.00025260,0.000252712673611,knapsack,1,0,52,0.00266736,352,351,3133
784,0.00200000,0.00043809,0.00019006,0.000190143229167,knapsack,1,0,52,0.00324893,351,350,2501
785,0.00050000,0.00004642,0.00014830,0.000148782051282,cg,3,0,3,0.00094725,350,347,3604
786,0.00010000,0.00009655,0.00016908,0.000169385964912,cg,3,0,9,0.00050754,347,344,4054
787,0.00050000,0.00005815,0.00018578,0.000186378205128,cg,3,0,3,0.00099880,344,341,4613
788,0.00010000,0.00038743,0.00016808,0.000168155381944,knapsack,1,0,52,0.00050736,341,341,2278
789,0.00010000,0.00011093,0.00016531,0.000165567164179,cg,1,0,14,0.00050713,341,341,2250
790,0.00010000,0.00038436,0.00016675,0.000166822916667,knapsack,1,0,52,0.00050769,341,340,2085
791,0.00010000,0.00052495,0.00022774,0.000227842881944,knapsack,1,0,52,0.00051016,340,339,2881
792,0.00050000,0.00058750,0.00025488,0.000254991319444,knapsack,1,0,52,0.00060572,339,338,3155
793,0.00050000,0.00055685,0.00024158,0.000241688368056,knapsack,1,0,52,0.00099845,338,337,3021
794,0.00010000,0.00044003,0.00019090,0.000190985243056,knapsack,1,0,52,0.00050828,337,336,2509
795,0.00010000,0.00028695,0.00012449,0.000124544270833,knapsack,1,0,52,0.00050573,336,335,1839
796,0.00010000,0.00029567,0.00012827,0.000128328993056,knapsack,1,0,52,0.00050574,335,334,1876
797,0.00050000,0.00002399,0.00016547,0.000216126126126,bnb,1,0,1,,334,333,1505
798,0.00010000,0.00046695,0.00020258,0.000202669270833,knapsack,1,0,52,0.00050918,333,332,2627
799,0.00050000,0.00051556,0.00022367,0.000223767361111,knapsack,1,0,52,0.00084121,332,331,2840
800,0.00050000,0.00002100,0.00018471,0.000189189189189,bnb,1,0,1,,331,330,1102
801,0.00010000,0.00001925,0.00012415,0.000125000,knapsack,1,0,2,0.00050098,330,329,1835
802,0.00010000,0.00000899,0.00005794,0.0000583766233766,knapsack,1,0,2,0.00050014,329,328,1167
803,0.00010000,0.00000500,0.00003221,0.0000324675324675,knapsack,1,0,2,0.00050433,328,327,906
804,0.00010000,0.00000843,0.00005433,0.0000547402597403,knapsack,1,0,2,0.00050123,327,326,1130
805,0.00010000,0.00001725,0.00011128,0.000112012987013,knapsack,1,0,2,0.00050302,326,327,1705
806,0.00010000,0.00005984,0.00021068,0.000211448763251,knapsack,1,0,5,0.00050906,327,326,2708
807,0.00010000,0.00001568,0.00010115,0.000101818181818,knapsack,1,0,2,0.00013531,326,325,1602
808,0.00050000,0.00000596,0.00004628,0.0000536936936937,bnb,1,0,1,,325,324,346
809,0.00200000,0.00000525,0.00002268,0.0000232300884956,bnb,3,0,1,,324,321,402
810,0.00010000,0.00000731,0.00004712,0.0000474675324675,knapsack,1,0,2,0.00050324,321,320,860
811,0.00010000,0.00002456,0.00015844,0.000159480519481,knapsack,1,0,2,0.00050528,320,319,1984
812,0.00010000,0.00004730,0.00030512,0.000307142857143,knapsack,1,0,2,0.00050051,319,318,3663
813,0.00010000,0.00004822,0.00031108,0.000313116883117,knapsack,1,0,2,0.00050017,318,317,3723
814,0.00010000,0.00005438,0.00035080,0.000353116883117,knapsack,1,0,2,0.00050111,317,316,4124
815,0.00050000,0.00004520,0.00039072,0.000407207207207,bnb,1,0,1,,316,315,2410
816,0.00050000,0.00004127,0.00035509,0.000371801801802,bnb,1,0,1,,315,315,2209
817,0.00050000,0.00004608,0.00039528,0.000415135135135,bnb,1,0,1,,315,315,2473
818,0.00010000,0.00007473,0.00061489,0.000673243243243,bnb,1,0,1,,315,315,4152
819,0.00200000,0.00010266,0.00080301,0.000924864864865,bnb,1,0,1,,315,315,5929
820,0.00010000,0.00011191,0.00099370,0.00100819819820,bnb,1,0,1,,315,316,5825
821,0.00010000,0.00022658,0.00094015,0.000944083333333,knapsack,1,0,4,0.00054044,316,316,10076
822,0.00050000,0.00010483,0.00092398,0.000944414414414,bnb,1,0,1,,316,316,5493
823,0.00010000,0.00010973,0.00097336,0.000988558558559,bnb,1,0,1,,316,315,5716
824,0.00200000,0.00010901,0.00096578,0.000982072072072,bnb,1,0,1,,315,314,5685
825,0.00010000,0.00010528,0.00092693,0.000948468468468,bnb,1,0,1,,314,313,5522
826,0.00010000,0.00010584,0.00094109,0.000953513513514,bnb,1,0,1,,313,312,5502
827,0.01000000,0.00013473,0.00083513,0.00121378378378,bnb,1,0,1,,312,311,8963
828,0.00010000,0.00010606,0.00090717,0.000955495495495,bnb,1,0,1,,311,311,5707
829,0.01000000,0.00007988,0.00051533,0.000518701298701,cg,1,0,2,0.00243277,311,310,5785
830,0.00050000,0.00003919,0.00029292,0.000353063063063,bnb,1,0,1,,310,309,2337
831,0.00010000,0.00005196,0.00033519,0.000337402597403,cg,1,0,2,0.00068771,309,309,3967
832,0.00200000,0.00056831,0.00039329,0.000393566481994,cg,1,0,32,0.00294387,309,309,4554
833,0.00050000,0.00006065,0.00050508,0.000546396396396,bnb,1,0,1,,309,308,3337
834,0.00010000,0.00008098,0.00050722,0.000729549549550,bnb,1,0,1,,308,308,5359
835,0.00010000,0.00010860,0.00054847,0.000551269035533,cg,1,0,3,0.00052361,308,308,6121
836,0.00010000,0.00006094,0.00050031,0.000549009009009,bnb,1,0,1,,308,309,3392
837,0.00010000,0.00006097,0.00050953,0.000549279279279,bnb,1,0,1,,309,309,3345
838,0.00010000,0.00006292,0.00045050,0.000566846846847,bnb,1,0,1,,309,309,3859
839,0.00010000,0.00007815,0.00063805,0.000704054054054,bnb,1,0,1,,309,310,4369
840,0.00010000,0.00014391,0.00092840,0.000934480519481,knapsack,1,0,2,0.00069861,310,310,9958
841,0.00200000,0.00151811,0.00089143,0.000891956521739,cg,1,0,38,0.00144718,310,311,9585
842,0.00010000,0.00009854,0.00063572,0.000639870129870,knapsack,1,0,2,0.00072211,311,310,7002
843,0.00010000,0.00006557,0.00042300,0.000425779220779,knapsack,1,0,2,0.00009461,310,313,4853
844,0.00010000,0.00005672,0.00036592,0.000368311688312,knapsack,1,0,2,0.00015070,313,313,3862
845,0.00010000,0.00005530,0.00035674,0.000359090909091,knapsack,1,0,2,0.00050237,313,313,4024
846,0.00010000,0.00006445,0.00046759,0.000580630630631,bnb,1,0,1,,313,313,3920
847,0.00200000,0.00071111,0.00043977,0.000440043316832,cg,1,0,36,0.00208702,313,314,4863
848,0.00010000,0.00006450,0.00039534,0.000581081081081,bnb,1,0,1,,314,315,4315
849,0.00010000,0.00007227,0.00046623,0.000469285714286,knapsack,1,0,2,0.00007861,315,316,5130
850,0.00050000,0.00006159,0.00051652,0.000554864864865,bnb,1,0,1,,316,319,3369
851,0.00050000,0.00005008,0.00042419,0.000451171171171,bnb,1,0,1,,319,320,2717
852,0.00050000,0.00009374,0.00045274,0.000554674556213,bnb,2,0,1,,320,320,6929
853,0.00200000,0.00093999,0.00055196,0.000552285546416,cg,1,0,38,0.00170114,320,321,5958
854,0.00200000,0.00104709,0.00077048,0.000771053019146,cg,1,0,30,0.00346536,321,322,8165
855,0.00010000,0.00016065,0.00075775,0.000757783018868,knapsack,2,0,2,0.00050766,322,322,12430
856,0.00010000,0.00019384,0.00091432,0.000914339622642,knapsack,2,0,2,0.00050593,322,322,14938
857,0.00010000,0.00021855,0.00103088,0.00103089622642,knapsack,2,0,2,0.00051507,322,323,16791
858,0.00050000,0.00025069,0.00092846,0.000931933085502,knapsack,3,0,2,0.00013931,323,323,20571
859,0.00010000,0.00012150,0.00078387,0.000788961038961,knapsack,1,0,2,0.00009644,323,325,8315
860,0.00050000,0.00008827,0.00078774,0.000795225225225,bnb,1,0,1,,325,324,4573
861,0.00010000,0.00013182,0.00115449,0.00118756756757,bnb,1,0,1,,324,326,6947
862,0.00050000,0.00016164,0.00141982,0.00145621621622,bnb,1,0,1,,326,332,8496
863,0.00050000,0.00016269,0.00143381,0.00146567567568,bnb,1,0,1,,332,338,8526
864,0.00010000,0.00014445,0.00128029,0.00130135135135,bnb,1,0,1,,338,341,7531
865,0.00010000,0.00013240,0.00118175,0.00119279279279,bnb,1,0,1,,341,346,6858
866,0.00050000,0.00013736,0.00120933,0.00123747747748,bnb,1,0,1,,346,349,7205
867,0.00010000,0.00015341,0.00134631,0.00138207207207,bnb,1,0,1,,349,355,8070
868,0.00010000,0.00013457,0.00119259,0.00121234234234,bnb,1,0,1,,355,367,7017
869,0.00010000,0.00013462,0.00119400,0.00121279279279,bnb,1,0,1,,367,381,7014
870,0.00050000,0.00014331,0.00127829,0.00129108108108,bnb,1,0,1,,381,395,7428
871,0.00010000,0.00014671,0.00130697,0.00132171171171,bnb,1,0,1,,395,434,7613
872,0.00200000,0.00015269,0.00125366,0.00137558558559,bnb,1,0,1,,434,473,8499
873,0.00050000,0.00013323,0.00106066,0.00120027027027,bnb,1,0,1,,473,513,7595
874,0.00050000,0.00013525,0.00119330,0.00121846846847,bnb,1,0,1,,513,556,7081
875,0.00010000,0.00014784,0.00131454,0.00133189189189,bnb,1,0,1,,556,604,7685
876,0.00010000,0.00013197,0.00117697,0.00118891891892,bnb,1,0,1,,604,652,6841
877,0.00010000,0.00025218,0.00175753,0.00227189189189,bnb,1,0,1,,652,700,15727
878,0.00010000,0.00026621,0.00190664,0.00239828828829,bnb,1,0,1,,700,702,16325
879,0.00010000,0.00027543,0.00181687,0.00248135135135,bnb,1,0,1,,702,704,17731
880,0.00010000,0.00027846,0.00179649,0.00180818181818,cg,1,0,2,0.00119453,704,704,18285
881,0.00010000,0.00028810,0.00185870,0.00187077922078,cg,1,0,2,0.00161964,704,706,18914
882,0.00010000,0.00018915,0.00167911,0.00170405405405,bnb,1,0,1,,706,707,9847
883,0.00050000,0.00009726,0.00086536,0.000876216216216,bnb,1,0,1,,707,757,5053
884,0.00010000,0.00007502,0.00066242,0.000675855855856,bnb,1,0,1,,757,807,3924
885,0.00200000,0.00009686,0.00062486,0.000628961038961,cg,1,0,2,0.00115207,807,808,6452
886,0.00010000,0.00007010,0.00062446,0.000631531531532,bnb,1,0,1,,808,815,3637
887,0.00010000,0.00007051,0.00062441,0.000635225225225,bnb,1,0,1,,815,816,3679
888,0.00200000,0.00010457,0.00067459,0.000679025974026,cg,1,0,2,0.00952480,816,866,7210
889,0.00010000,0.00008173,0.00072957,0.000736306306306,bnb,1,0,1,,866,878,4233
890,0.00010000,0.00007057,0.00062661,0.000635765765766,bnb,1,0,1,,878,928,3673
891,0.00050000,0.00007879,0.00069991,0.000709819819820,bnb,1,0,1,,928,978,4099
892,0.00200000,0.00009845,0.00063514,0.000639285714286,cg,1,0,2,0.01159067,978,1028,6812
893,0.00010000,0.00006305,0.00056251,0.000568018018018,bnb,1,0,1,,1028,1078,3267
894,0.00010000,0.00008512,0.00075686,0.000766846846847,bnb,1,0,1,,1078,1128,4424
895,0.00010000,0.00009388,0.00083812,0.000845765765766,bnb,1,0,1,,1128,1178,4862
896,0.00010000,0.00008642,0.00076993,0.000778558558559,bnb,1,0,1,,1178,1228,4484
897,0.00200000,0.00011372,0.00073363,0.000738441558442,cg,1,0,2,0.00958526,1228,1227,7540
898,0.00010000,0.00010514,0.00093607,0.000947207207207,bnb,1,0,1,,1227,1277,5459
899,0.00050000,0.00010319,0.00091159,0.000929639639640,bnb,1,0,1,,1277,1327,5396
900,0.00010000,0.00010273,0.00091462,0.000925495495495,bnb,1,0,1,,1327,1326,5334
901,0.00010000,0.00008995,0.00080189,0.000810360360360,bnb,1,0,1,,1326,1326,4664
902,0.00010000,0.00008395,0.00074893,0.000756306306306,bnb,1,0,1,,1326,1326,4350
903,0.00010000,0.00011721,0.00104512,0.00105594594595,bnb,1,0,1,,1326,1326,6077
904,0.00050000,0.00013342,0.00116732,0.00120198198198,bnb,1,0,1,,1326,1326,7038
905,0.00010000,0.00014718,0.00131373,0.00132594594595,bnb,1,0,1,,1326,1326,7623
906,0.00050000,0.00014236,0.00124710,0.00128252252252,bnb,1,0,1,,1326,1329,7501
907,0.00010000,0.00013788,0.00123051,0.00124216216216,bnb,1,0,1,,1329,1329,7143
908,0.00200000,0.00013256,0.00085520,0.000860779220779,cg,1,0,2,0.00973905,1329,1328,8779
909,0.00010000,0.00008514,0.00075631,0.000767027027027,bnb,1,0,1,,1328,1327,4429
910,0.00010000,0.00007065,0.00062571,0.000636486486486,bnb,1,0,1,,1327,1327,3686
911,0.00010000,0.00007080,0.00063053,0.000637837837838,bnb,1,0,1,,1327,1327,3675
912,0.00010000,0.00006984,0.00062329,0.000629189189189,bnb,1,0,1,,1327,1327,3618
913,0.00010000,0.00006986,0.00062337,0.000629369369369,bnb,1,0,1,,1327,1327,3619
914,0.00050000,0.00007174,0.00057884,0.000646306306306,bnb,1,0,1,,1327,1327,4048
915,0.00050000,0.00005034,0.00041511,0.000453513513514,bnb,1,0,1,,1327,1326,2792
916,0.00010000,0.00004794,0.00042388,0.000431891891892,bnb,1,0,1,,1326,1325,2505
917,0.00010000,0.00006200,0.00055216,0.000558558558559,bnb,1,0,1,,1325,1324,3218
918,0.00010000,0.00006561,0.00058569,0.000591081081081,bnb,1,0,1,,1324,1323,3398
919,0.00010000,0.00006312,0.00056303,0.000568648648649,bnb,1,0,1,,1323,1322,3271
920,0.00010000,0.00005495,0.00048905,0.000495045045045,bnb,1,0,1,,1322,1321,2854
921,0.00010000,0.00004288,0.00038091,0.000386306306306,bnb,1,0,1,,1321,1323,2231
922,0.00010000,0.00004831,0.00042058,0.000435225225225,bnb,1,0,1,,1323,1322,2559
923,0.00200000,0.00006730,0.00043413,0.000437012987013,cg,1,0,2,0.01007903,1322,1321,4574
924,0.00010000,0.00004662,0.00041597,0.00042000,bnb,1,0,1,,1321,1320,2415
925,0.00010000,0.00005102,0.00045521,0.000459639639640,bnb,1,0,1,,1320,1319,2643
926,0.00010000,0.00006149,0.00054736,0.000553963963964,bnb,1,0,1,,1319,1318,3193
927,0.00200000,0.00008042,0.00051883,0.000522207792208,cg,1,0,2,0.01008744,1318,1317,5378
928,0.00010000,0.00005468,0.00048640,0.000492612612613,bnb,1,0,1,,1317,1316,2841
929,0.00010000,0.00004992,0.00044510,0.000449729729730,bnb,1,0,1,,1316,1316,2588
930,0.00010000,0.00004640,0.00041337,0.000418018018018,bnb,1,0,1,,1316,1315,2407
931,0.00010000,0.00004623,0.00041160,0.000416486486486,bnb,1,0,1,,1315,1315,2400
932,0.00200000,0.00006154,0.00039702,0.000399610389610,cg,1,0,2,0.01061942,1315,1345,4176
933,0.00200000,0.00005884,0.00037957,0.000382077922078,cg,1,0,2,0.01074228,1345,1344,4000
934,0.00050000,0.00004152,0.00036295,0.000374054054054,bnb,1,0,1,,1344,1343,2192
935,0.00010000,0.00003665,0.00032549,0.000330180180180,bnb,1,0,1,,1343,1344,1907
936,0.00010000,0.00003358,0.00029904,0.000302522522523,bnb,1,0,1,,1344,1343,1743
937,0.00010000,0.00003381,0.00029836,0.000304594594595,bnb,1,0,1,,1343,1342,1769
938,0.00050000,0.00003752,0.00032736,0.000338018018018,bnb,1,0,1,,1342,1341,1984
939,0.00010000,0.00003679,0.00032733,0.000331441441441,bnb,1,0,1,,1341,1340,1911
940,0.00010000,0.00003688,0.00032730,0.000332252252252,bnb,1,0,1,,1340,1340,1920
941,0.00050000,0.00003952,0.00032493,0.000356036036036,bnb,1,0,1,,1340,1376,2197
942,0.00010000,0.00002744,0.00024019,0.000247207207207,bnb,1,0,1,,1376,1376,1446
943,0.00010000,0.00003973,0.00035409,0.000357927927928,bnb,1,0,1,,1376,1376,2060
944,0.00010000,0.00007135,0.00063632,0.000642792792793,bnb,1,0,1,,1376,1376,3698
945,0.00010000,0.00006625,0.00059120,0.000596846846847,bnb,1,0,1,,1376,1376,3432
946,0.00010000,0.00005527,0.00048939,0.000497927927928,bnb,1,0,1,,1376,1375,2884
947,0.00050000,0.00004044,0.00028404,0.000364324324324,bnb,1,0,1,,1375,1409,2510
948,0.00050000,0.00002133,0.00016539,0.000192162162162,bnb,1,0,1,,1409,1408,1239
949,0.00010000,0.00005785,0.00051585,0.000521171171171,bnb,1,0,1,,1408,1408,2999
950,0.00050000,0.00005059,0.00042810,0.000455765765766,bnb,1,0,1,,1408,1407,2747
951,0.00050000,0.00005061,0.00042192,0.000455945945946,bnb,1,0,1,,1407,1406,2782
952,0.00050000,0.00004257,0.00037381,0.000383513513514,bnb,1,0,1,,1406,1405,2238
953,0.00010000,0.00003922,0.00034981,0.000353333333333,bnb,1,0,1,,1405,1441,2033
954,0.00010000,0.00003399,0.00030319,0.000306216216216,bnb,1,0,1,,1441,1469,1761
955,0.00010000,0.00002146,0.00019153,0.000193333333333,bnb,1,0,1,,1469,1469,1111
956,0.00050000,0.00002592,0.00022654,0.000233513513514,bnb,1,0,1,,1469,1469,1368
957,0.00010000,0.00003171,0.00028141,0.000285675675676,bnb,1,0,1,,1469,1469,1651
958,0.00050000,0.00004952,0.00031948,0.000321558441558,cg,1,0,2,0.00165303,1469,1469,3411
959,0.01000000,0.00004304,0.00027762,0.000279480519481,cg,1,0,2,0.00332856,1469,1469,2989
960,0.00010000,0.00002453,0.00021837,0.000220990990991,bnb,1,0,1,,1469,1468,1273
961,0.00010000,0.00001138,0.00010071,0.000102522522523,bnb,1,0,1,,1468,1467,594
962,0.00010000,0.00001247,0.00011003,0.000112342342342,bnb,1,0,1,,1467,1466,652
963,0.00010000,0.00002040,0.00018105,0.000183783783784,bnb,1,0,1,,1466,1465,1062
964,0.00050000,0.00002187,0.00016048,0.000197027027027,bnb,1,0,1,,1465,1464,1320
965,0.00010000,0.00001834,0.00016091,0.000165225225225,bnb,1,0,1,,1464,1463,965
966,0.00010000,0.00002078,0.00018036,0.000187207207207,bnb,1,0,1,,1463,1462,1104
967,0.00010000,0.00001714,0.00014973,0.000154414414414,bnb,1,0,1,,1462,1461,905
968,0.00010000,0.00001064,0.00009499,0.0000958558558559,bnb,1,0,1,,1461,1460,551
969,0.00010000,0.00000676,0.00006028,0.0000609009009009,bnb,1,0,1,,1460,1459,350
970,0.00010000,0.00001486,0.00013256,0.000133873873874,bnb,1,0,1,,1459,1458,770
971,0.00010000,0.00002270,0.00020259,0.000204504504505,bnb,1,0,1,,1458,1457,1176
972,0.00050000,0.00002361,0.00019878,0.000212702702703,bnb,1,0,1,,1457,1456,1287
973,0.00010000,0.00002263,0.00020195,0.000203873873874,bnb,1,0,1,,1456,1455,1172
974,0.00010000,0.00002316,0.00020332,0.000208648648649,bnb,1,0,1,,1455,1454,1218
975,0.00050000,0.00000800,0.00006901,0.0000720720720721,bnb,1,0,1,,1454,1453,427
976,0.00050000,0.00000802,0.00006991,0.0000722522522523,bnb,1,0,1,,1453,1452,424
977,0.00010000,0.00001844,0.00016145,0.000166126126126,bnb,1,0,1,,1452,1451,972
978,0.00010000,0.00002019,0.00017901,0.000181891891892,bnb,1,0,1,,1451,1450,1052
979,0.00010000,0.00002100,0.00017784,0.000189189189189,bnb,1,0,1,,1450,1449,1139
980,0.00010000,0.00000959,0.00008410,0.0000863963963964,bnb,1,0,1,,1449,1449,504
981,0.00010000,0.00000887,0.00007447,0.0000799099099099,bnb,1,0,1,,1449,1449,484
982,0.00050000,0.00000324,0.00002716,0.0000291891891892,bnb,1,0,1,,1449,1448,177
983,0.00010000,0.00000749,0.00006322,0.0000674774774775,bnb,1,0,1,,1448,1447,407
984,0.00050000,0.00001234,0.00009865,0.000111171171171,bnb,1,0,1,,1447,1446,701
985,0.00010000,0.00001767,0.00015655,0.000159189189189,bnb,1,0,1,,1446,1446,921
986,0.00010000,0.00001727,0.00015104,0.000155585585586,bnb,1,0,1,,1446,1445,911
987,0.00200000,0.00002874,0.00018540,0.000186623376623,cg,1,0,2,0.01085735,1445,1444,2217
988,0.00010000,0.00001852,0.00016411,0.000166846846847,bnb,1,0,1,,1444,1444,965
989,0.00050000,0.00000237,0.00002000,0.0000213513513514,bnb,1,0,1,,1444,1443,129
990,0.00050000,0.00001507,0.00011355,0.000135765765766,bnb,1,0,1,,1443,1442,893
991,0.00010000,0.00001931,0.00016903,0.000173963963964,bnb,1,0,1,,1442,1441,1018
992,0.00010000,0.00001783,0.00015897,0.000160630630631,bnb,1,0,1,,1441,1441,924
993,0.00200000,0.00002712,0.00017493,0.000176103896104,cg,1,0,2,0.00749768,1441,1440,2054
994,0.00010000,0.00001626,0.00014448,0.000146486486486,bnb,1,0,1,,1440,1439,845
995,0.01000000,0.00002834,0.00018279,0.000184025974026,cg,1,0,2,0.03054373,1439,1438,2119
996,0.00200000,0.00002080,0.00013419,0.000135064935065,cg,1,0,2,0.00956987,1438,1437,1593
997,0.00200000,0.00002962,0.00019106,0.000192337662338,cg,1,0,2,0.01101663,1437,1437,2167
998,0.00010000,0.00003852,0.00034339,0.000347027027027,bnb,1,0,1,,1437,1436,1997
999,0.00010000,0.00002149,0.00019151,0.000193603603604,bnb,1,0,1,,1436,1435,1114
1000,0.00050000,0.00002480,0.00018809,0.000223423423423,bnb,1,0,1,,1435,1434,1464
1001,0.00010000,0.00001893,0.00016768,0.000170540540541,bnb,1,0,1,,1434,1433,987
1002,0.00010000,0.00000294,0.00002420,0.0000264864864865,bnb,1,0,1,,1433,1432,163
1003,0.00050000,0.00000189,0.00001572,0.0000170270270270,bnb,1,0,1,,1432,1431,104
1004,0.00010000,0.00000353,0.00003086,0.0000318018018018,bnb,1,0,1,,1431,1430,186
1005,0.00010000,0.00000563,0.00004741,0.0000507207207207,bnb,1,0,1,,1430,1429,306
1006,0.00010000,0.00001255,0.00010909,0.000113063063063,bnb,1,0,1,,1429,1428,665
1007,0.00050000,0.00002514,0.00017158,0.000226486486486,bnb,1,0,1,,1428,1427,1587
1008,0.00010000,0.00000890,0.00007323,0.0000801801801802,bnb,1,0,1,,1427,1427,494
1009,0.00010000,0.00000574,0.00005115,0.0000517117117117,bnb,1,0,1,,1427,1426,297
1010,0.00010000,0.00000135,0.00001163,0.0000121621621622,bnb,1,0,1,,1426,1425,72
1011,0.00010000,0.00000760,0.00006346,0.0000684684684685,bnb,1,0,1,,1425,1424,417
1012,0.00010000,0.00001164,0.00010316,0.000104864864865,bnb,1,0,1,,1424,1423,606
1013,0.00050000,0.00001525,0.00010291,0.000137387387387,bnb,1,0,1,,1423,1422,969
1014,0.00010000,0.00001352,0.00011895,0.000121801801802,bnb,1,0,1,,1422,1421,709
1015,0.00010000,0.00001607,0.00014311,0.000144774774775,bnb,1,0,1,,1421,1420,834
1016,0.00010000,0.00000904,0.00007261,0.0000814414414414,bnb,1,0,1,,1420,1419,511
1017,0.00010000,0.00000190,0.00001638,0.0000171171171171,bnb,1,0,1,,1419,1418,101
1018,0.00200000,0.00000240,0.00001042,0.0000106194690265,knapsack,3,0,1,,1418,1415,183
1019,0.00010000,0.00000388,0.00003210,0.0000349549549550,bnb,1,0,1,,1415,1414,214
1020,0.01000000,0.00000988,0.00006372,0.0000641558441558,cg,1,0,2,0.00304359,1414,1413,916
1021,0.00010000,0.00001050,0.00009354,0.0000945945945946,bnb,1,0,1,,1413,1412,544
1022,0.00010000,0.00002150,0.00018952,0.000193693693694,bnb,1,0,1,,1412,1411,1126
1023,0.00010000,0.00003404,0.00030366,0.000306666666667,bnb,1,0,1,,1411,1411,1764
1024,0.00010000,0.00003406,0.00030249,0.000306846846847,bnb,1,0,1,,1411,1410,1772
1025,0.00200000,0.00003371,0.00021747,0.000218896103896,cg,1,0,2,0.00755155,1410,1409,2470
1026,0.00010000,0.00002632,0.00023485,0.000237117117117,bnb,1,0,1,,1409,1408,1363
1027,0.00010000,0.00002745,0.00024062,0.000247297297297,bnb,1,0,1,,1408,1408,1445
1028,0.00050000,0.00002700,0.00023689,0.000243243243243,bnb,1,0,1,,1408,1407,1420
1029,0.00010000,0.00003137,0.00027828,0.000282612612613,bnb,1,0,1,,1407,1406,1634
1030,0.00050000,0.00002871,0.00025464,0.000258648648649,bnb,1,0,1,,1406,1405,1495
1031,0.01000000,0.00003174,0.00020476,0.000206103896104,cg,1,0,2,0.20424388,1405,1404,2341
1032,0.00010000,0.00002184,0.00019484,0.000196756756757,bnb,1,0,1,,1404,1404,1131
1033,0.00050000,0.00004362,0.00028137,0.000283246753247,cg,1,0,2,0.00181102,1404,1404,3157
1034,0.00050000,0.00004059,0.00026183,0.000263571428571,cg,1,0,2,0.00061148,1404,1403,2917
1035,0.00050000,0.00004176,0.00026937,0.000271168831169,cg,1,0,2,0.00065277,1403,1402,2994
1036,0.00010000,0.00003414,0.00030140,0.000307567567568,bnb,1,0,1,,1402,1401,1786
1037,0.00010000,0.00003027,0.00026975,0.000272702702703,bnb,1,0,1,,1401,1400,1570
1038,0.00200000,0.00002875,0.00018542,0.000186688311688,cg,1,0,2,0.00771030,1400,1399,2238
1039,0.00050000,0.00000677,0.00005882,0.0000609909909910,bnb,1,0,1,,1399,1398,359
1040,0.00010000,0.00000942,0.00008369,0.0000848648648649,bnb,1,0,1,,1398,1397,490
1041,0.00200000,0.00003200,0.00020642,0.000207792207792,cg,1,0,2,0.00804703,1397,1396,2482
1042,0.00050000,0.00002536,0.00018212,0.000228468468468,bnb,1,0,1,,1396,1395,1552
1043,0.00200000,0.00002329,0.00015024,0.000151233766234,cg,1,0,2,0.00806415,1395,1394,1984
1044,0.00050000,0.00000695,0.00006139,0.0000626126126126,bnb,1,0,1,,1394,1393,363
1045,0.00010000,0.00000577,0.00004678,0.0000519819819820,bnb,1,0,1,,1393,1392,324
1046,0.00010000,0.00000763,0.00006649,0.0000687387387387,bnb,1,0,1,,1392,1391,403
1047,0.00050000,0.00002603,0.00016792,0.000169025974026,cg,1,0,2,0.00190674,1391,1390,2277
1048,0.00010000,0.00001581,0.00013774,0.000142432432432,bnb,1,0,1,,1390,1389,837
1049,0.00010000,0.00001645,0.00014680,0.000148198198198,bnb,1,0,1,,1389,1388,852
1050,0.00050000,0.00002840,0.00018742,0.000255855855856,bnb,1,0,1,,1388,1387,1827
1051,0.00010000,0.00001477,0.00012868,0.000133063063063,bnb,1,0,1,,1387,1386,782
1052,0.00010000,0.00000801,0.00007082,0.0000721621621622,bnb,1,0,1,,1386,1385,418
1053,0.00050000,0.00001615,0.00013378,0.000145495495495,bnb,1,0,1,,1385,1384,892
1054,0.00010000,0.00003140,0.00027451,0.000282882882883,bnb,1,0,1,,1384,1383,1657
1055,0.00010000,0.00002585,0.00022984,0.000232882882883,bnb,1,0,1,,1383,1382,1343
1056,0.00010000,0.00002225,0.00019472,0.000200450450450,bnb,1,0,1,,1382,1381,1173
1057,0.00010000,0.00002249,0.00019969,0.000202612612613,bnb,1,0,1,,1381,1380,1170
1058,0.00010000,0.00002831,0.00025126,0.000255045045045,bnb,1,0,1,,1380,1380,1474
1059,0.00010000,0.00002597,0.00023130,0.000233963963964,bnb,1,0,1,,1380,1380,1347
1060,0.00010000,0.00001156,0.00010241,0.000104144144144,bnb,1,0,1,,1380,1379,602
1061,0.00010000,0.00001075,0.00009562,0.0000968468468468,bnb,1,0,1,,1379,1378,558
1062,0.00010000,0.00000612,0.00005459,0.0000551351351351,bnb,1,0,1,,1378,1377,317
1063,0.00200000,0.00000692,0.00003196,0.0000409467455621,bnb,2,0,1,,1377,1375,519
1064,0.00010000,0.00000913,0.00007281,0.0000822522522523,bnb,1,0,1,,1375,1374,519
1065,0.00010000,0.00001051,0.00009360,0.0000946846846847,bnb,1,0,1,,1374,1373,545
1066,0.00010000,0.00000288,0.00001852,0.0000187012987013,cg,1,0,2,0.00055087,1373,1372,768
1067,0.00010000,0.00000427,0.00003803,0.0000384684684685,bnb,1,0,1,,1372,1371,221
1068,0.00010000,0.00001109,0.00009695,0.0000999099099099,bnb,1,0,1,,1371,1370,585
1069,0.00010000,0.00001313,0.00011671,0.000118288288288,bnb,1,0,1,,1370,1369,682
1070,0.00010000,0.00001481,0.00012915,0.000133423423423,bnb,1,0,1,,1369,1368,783
1071,0.00010000,0.00001435,0.00012765,0.000129279279279,bnb,1,0,1,,1368,1367,745
1072,0.00010000,0.00000582,0.00004744,0.0000524324324324,bnb,1,0,1,,1367,1366,325
1073,0.00010000,0.00000508,0.00004432,0.0000457657657658,bnb,1,0,1,,1366,1365,268
1074,0.00010000,0.00000929,0.00007913,0.0000836936936937,bnb,1,0,1,,1365,1364,501
1075,0.00200000,0.00001138,0.00007336,0.0000738961038961,cg,1,0,2,0.00860804,1364,1363,1162
1076,0.00200000,0.00002265,0.00014609,0.000147077922078,cg,1,0,2,0.00871963,1363,1362,1792
1077,0.00050000,0.00002544,0.00016412,0.000165194805195,cg,1,0,2,0.00112759,1362,1361,2001
1078,0.00010000,0.00001652,0.00014649,0.000148828828829,bnb,1,0,1,,1361,1360,860
1079,0.00050000,0.00000713,0.00006275,0.0000642342342342,bnb,1,0,1,,1360,1359,374
1080,0.00010000,0.00000303,0.00001952,0.0000196753246753,cg,1,0,2,0.00057506,1359,1358,576
1081,0.00050000,0.00000358,0.00003105,0.0000322522522523,bnb,1,0,1,,1358,1357,190
1082,0.00010000,0.00000518,0.00004446,0.0000466666666667,bnb,1,0,1,,1357,1356,277
1083,0.00200000,0.00000674,0.00002902,0.0000298230088496,bnb,3,0,1,,1356,1353,517
1084,0.00010000,0.00000312,0.00002020,0.0000281081081081,bnb,1,0,1,,1353,1352,202
1085,0.00010000,0.00000287,0.00001851,0.0000186363636364,cg,1,0,2,0.00058484,1352,1351,768
1086,0.00010000,0.00000147,0.00001308,0.0000132432432432,bnb,1,0,1,,1351,1350,76
1087,0.00010000,0.00000115,0.00001000,0.0000103603603604,bnb,1,0,1,,1350,1350,61
1088,0.00200000,0.00000567,0.00001966,0.0000199647887324,bnb,4,0,1,,1350,1346,460
1089,0.00010000,0.00000449,0.00003861,0.0000404504504505,bnb,1,0,1,,1346,1345,240
1090,0.00010000,0.00000454,0.00003963,0.0000409009009009,bnb,1,0,1,,1345,1344,239
1091,0.00200000,0.00000641,0.00002226,0.0000225704225352,knapsack,4,0,1,,1344,1340,520
1092,0.00010000,0.00000329,0.00002522,0.0000296396396396,bnb,1,0,1,,1340,1339,192
1093,0.00010000,0.00000205,0.00001723,0.0000184684684685,bnb,1,0,1,,1339,1339,111
1094,0.00050000,0.00000121,0.00001003,0.0000109009009009,bnb,1,0,1,,1339,1338,66
1095,0.00010000,0.00000644,0.00005603,0.0000580180180180,bnb,1,0,1,,1338,1338,341
1096,0.00050000,0.00000769,0.00006851,0.0000692792792793,bnb,1,0,1,,1338,1338,399
1097,0.00010000,0.00001361,0.00012119,0.000122612612613,bnb,1,0,1,,1338,1338,706
1098,0.00010000,0.00002258,0.00019706,0.000203423423423,bnb,1,0,1,,1338,1337,1193
1099,0.00010000,0.00001957,0.00017336,0.000176306306306,bnb,1,0,1,,1337,1336,1020
1100,0.00010000,0.00000994,0.00008770,0.0000895495495495,bnb,1,0,1,,1336,1335,520
1101,0.00050000,0.00000261,0.00001770,0.0000235135135135,bnb,1,0,1,,1335,1334,165
1102,0.00050000,0.00000509,0.00004400,0.0000458558558559,bnb,1,0,1,,1334,1333,271
1103,0.00050000,0.00001765,0.00012826,0.000159009009009,bnb,1,0,1,,1333,1332,1072
1104,0.00010000,0.00001854,0.00016289,0.000167027027027,bnb,1,0,1,,1332,1331,974
1105,0.00050000,0.00002089,0.00013476,0.000135649350649,cg,1,0,2,0.00197011,1331,1330,1781
1106,0.00010000,0.00000979,0.00008340,0.0000881981981982,bnb,1,0,1,,1330,1329,528
1107,0.00010000,0.00001258,0.00010853,0.000113333333333,bnb,1,0,1,,1329,1328,671
1108,0.00010000,0.00001146,0.00010224,0.000103243243243,bnb,1,0,1,,1328,1327,593
1109,0.00010000,0.00000779,0.00006921,0.0000701801801802,bnb,1,0,1,,1327,1326,405
1110,0.00010000,0.00001006,0.00007724,0.0000906306306306,bnb,1,0,1,,1326,1325,588
1111,0.00010000,0.00001418,0.00012532,0.000127747747748,bnb,1,0,1,,1325,1324,741
1112,0.00010000,0.00000519,0.00004514,0.0000467567567568,bnb,1,0,1,,1324,1323,275
1113,0.00050000,0.00000433,0.00003643,0.0000390090090090,bnb,1,0,1,,1323,1322,236
1114,0.00050000,0.00000280,0.00002075,0.0000252252252252,bnb,1,0,1,,1322,1321,167
1115,0.00010000,0.00000340,0.00002256,0.0000306306306306,bnb,1,0,1,,1321,1320,218
1116,0.00010000,0.00000772,0.00006772,0.0000695495495495,bnb,1,0,1,,1320,1319,406
1117,0.00010000,0.00001418,0.00012407,0.000127747747748,bnb,1,0,1,,1319,1318,748
1118,0.00010000,0.00001020,0.00008907,0.0000918918918919,bnb,1,0,1,,1318,1317,539
1119,0.00010000,0.00001115,0.00009935,0.000100450450450,bnb,1,0,1,,1317,1316,578
1120,0.00050000,0.00001928,0.00012437,0.000125194805195,cg,1,0,2,0.00280928,1316,1316,1425
1121,0.00010000,0.00001429,0.00012680,0.000128738738739,bnb,1,0,1,,1316,1315,744
1122,0.00010000,0.00001143,0.00010084,0.000102972972973,bnb,1,0,1,,1315,1314,598
1123,0.00050000,0.00001016,0.00008902,0.0000915315315315,bnb,1,0,1,,1314,1313,535
1124,0.00010000,0.00001495,0.00012828,0.000134684684685,bnb,1,0,1,,1313,1312,802
1125,0.00010000,0.00001641,0.00014582,0.000147837837838,bnb,1,0,1,,1312,1312,853
1126,0.00010000,0.00001789,0.00015826,0.000161171171171,bnb,1,0,1,,1312,1311,934
1127,0.00010000,0.00002153,0.00019033,0.000193963963964,bnb,1,0,1,,1311,1310,1125
1128,0.00050000,0.00002278,0.00014693,0.000147922077922,cg,1,0,2,0.00252081,1310,1309,1670
1129,0.00200000,0.00001719,0.00011084,0.000111623376623,cg,1,0,2,0.00548049,1309,1308,1305
1130,0.00010000,0.00001169,0.00010256,0.000105315315315,bnb,1,0,1,,1308,1307,615
1131,0.00010000,0.00002591,0.00022907,0.000233423423423,bnb,1,0,1,,1307,1307,1354
1132,0.00010000,0.00002604,0.00023134,0.000234594594595,bnb,1,0,1,,1307,1306,1354
1133,0.00050000,0.00004286,0.00027646,0.000278311688312,cg,1,0,2,0.00700869,1306,1306,3151
1134,0.00010000,0.00003152,0.00027594,0.000283963963964,bnb,1,0,1,,1306,1306,1661
1135,0.01000000,0.00004506,0.00029066,0.000292597402597,cg,1,0,2,0.02049867,1306,1306,3121
1136,0.00010000,0.00002756,0.00024393,0.000248288288288,bnb,1,0,1,,1306,1305,1438
1137,0.00010000,0.00001660,0.00014559,0.000149549549550,bnb,1,0,1,,1305,1304,873
1138,0.00010000,0.00001499,0.00012384,0.000135045045045,bnb,1,0,1,,1304,1304,830
1139,0.00050000,0.00002410,0.00015547,0.000156493506494,cg,1,0,2,0.00128692,1304,1303,1739
1140,0.00050000,0.00002902,0.00018967,0.000261441441441,bnb,1,0,1,,1303,1302,1877
1141,0.00010000,0.00001793,0.00015909,0.000161531531532,bnb,1,0,1,,1302,1302,933
1142,0.00010000,0.00001499,0.00012835,0.000135045045045,bnb,1,0,1,,1302,1301,805
1143,0.00050000,0.00001763,0.00011373,0.000114480519481,cg,1,0,2,0.00719267,1301,1301,1335
1144,0.00010000,0.00001021,0.00008769,0.0000919819819820,bnb,1,0,1,,1301,1300,547
1145,0.00050000,0.00002318,0.00014952,0.000150519480519,cg,1,0,2,0.00752385,1300,1299,1714
1146,0.00200000,0.00002971,0.00019167,0.000192922077922,cg,1,0,2,0.00603444,1299,1298,2149
1147,0.00050000,0.00002895,0.00018674,0.000187987012987,cg,1,0,2,0.00904092,1298,1298,2099
1148,0.00050000,0.00002792,0.00018010,0.000181298701299,cg,1,0,2,0.00137882,1298,1297,2032
1149,0.00050000,0.00001648,0.00010631,0.000107012987013,cg,1,0,2,0.01034087,1297,1296,1390
